max(s1.salary),max(s2.salary),avg(s2.salary),min(s2.salary),stddev(s2.salary),avg(t2.DKFPS),std(t2.DKFPS) ,min(t2.DKFPS),max(t2.DKFPS),team    ,ou        ,odds      ,home    ,OPP     ,Target    ,player_id ,game_id   ,DISPLAY_FIRST_LAST     ,AdaBoost  ,Neural Network    ,Random Forest
continuous    ,continuous    ,continuous    ,continuous    ,continuous       ,continuous   ,continuous    ,continuous   ,continuous   ,discrete,continuous,continuous,discrete,discrete,continuous,continuous,continuous,string                 ,continuous,continuous        ,continuous
              ,              ,              ,              ,                 ,             ,              ,             ,             ,        ,          ,          ,        ,        ,class     ,meta      ,meta      ,meta                   ,meta      ,meta              ,meta
6200.0        ,6400.0        ,6166.6667     ,6000.0        ,169.96731712     ,28.9166666667,9.01926949493 ,18.5         ,40.5         ,BKN     ,211.0     ,5.0       ,1       ,POR     ,          ,1626178.0 ,21700267.0,Rondae Hollis-Jefferson,31.75     ,28.78446295474366 ,25.18819444444445
3000.0        ,3000.0        ,3000.0        ,3000.0        ,0.0              ,8.45         ,3.60347054935 ,5.75         ,15.5         ,POR     ,211.0     ,-5.0      ,0       ,BKN     ,          ,1626192.0 ,21700267.0,Pat Connaughton        ,10.0      ,9.42522580337942  ,12.022261904761905
4100.0        ,4500.0        ,4266.6667     ,4100.0        ,169.96731712     ,23.9166666667,4.08418358495 ,19.0         ,29.0         ,BKN     ,211.0     ,5.0       ,1       ,POR     ,          ,1627747.0 ,21700267.0,Caris LeVert           ,18.5      ,22.922076052067652,20.676428571428573
3000.0        ,3000.0        ,3000.0        ,3000.0        ,0.0              ,2.0          ,1.47196014439 ,0.0          ,3.5          ,POR     ,211.0     ,-5.0      ,0       ,BKN     ,          ,1627774.0 ,21700267.0,Jake Layman            ,6.0       ,8.442100607678764 ,5.064166666666667
3500.0        ,3600.0        ,3550.0        ,3500.0        ,50.0             ,4.625        ,2.625         ,2.0          ,7.25         ,BKN     ,211.0     ,5.0       ,1       ,POR     ,          ,1627785.0 ,21700267.0,Isaiah Whitehead       ,10.25     ,13.082662950080609,8.996496212121212
3000.0        ,3000.0        ,3000.0        ,3000.0        ,0.0              ,1.375        ,2.375         ,-1.0         ,3.75         ,POR     ,211.0     ,-5.0      ,0       ,BKN     ,          ,1628380.0 ,21700267.0,Zach Collins           ,6.0       ,8.45778394257695  ,5.409880952380951
3000.0        ,3000.0        ,3000.0        ,3000.0        ,0.0              ,8.0          ,3.25          ,4.75         ,11.25        ,BKN     ,211.0     ,5.0       ,1       ,POR     ,          ,1628386.0 ,21700267.0,Jarrett Allen          ,8.5       ,12.773405586399466,9.93625
3700.0        ,3900.0        ,3725.0        ,3500.0        ,147.901994577    ,6.5625       ,7.22057606774 ,-0.5         ,16.75        ,POR     ,211.0     ,-5.0      ,0       ,BKN     ,          ,1628403.0 ,21700267.0,Caleb Swanigan         ,6.75      ,10.895959678350131,10.275059523809524
5600.0        ,5800.0        ,5633.3333     ,5500.0        ,124.721912892    ,27.6666666667,6.55849745665 ,19.25        ,35.25        ,BKN     ,211.0     ,5.0       ,1       ,POR     ,          ,201960.0  ,21700267.0,DeMarre Carroll        ,29.75     ,26.840531694368362,31.618055555555554
4400.0        ,4500.0        ,4360.0        ,4200.0        ,101.980390272    ,11.1         ,8.09722174576 ,2.5          ,26.25        ,POR     ,211.0     ,-5.0      ,0       ,BKN     ,          ,202323.0  ,21700267.0,Evan Turner            ,11.5      ,16.60006564716954 ,14.413749999999999
3400.0        ,3700.0        ,3500.0        ,3400.0        ,109.544511501    ,13.0         ,1.6807736314  ,10.25        ,15.0         ,POR     ,211.0     ,-5.0      ,0       ,BKN     ,          ,202334.0  ,21700267.0,Ed Davis               ,14.25     ,12.106199090084207,12.639583333333334
4700.0        ,4800.0        ,4566.6667     ,4400.0        ,169.96731712     ,17.8333333333,9.63140119032 ,4.25         ,25.5         ,BKN     ,211.0     ,5.0       ,1       ,POR     ,          ,202344.0  ,21700267.0,Trevor Booker          ,20.5      ,20.6360457732398  ,19.91607142857143
8800.0        ,9100.0        ,8800.0        ,8300.0        ,268.3281573      ,40.3         ,7.56042326857 ,30.25        ,53.25        ,POR     ,211.0     ,-5.0      ,0       ,BKN     ,          ,203081.0  ,21700267.0,Damian Lillard         ,47.25     ,43.360090311744585,45.68045634920635
3200.0        ,3200.0        ,3066.6667     ,3000.0        ,94.2809041582    ,12.1666666667,8.26723788349 ,1.25         ,21.25        ,POR     ,211.0     ,-5.0      ,0       ,BKN     ,          ,203086.0  ,21700267.0,Meyers Leonard         ,7.75      ,10.785327991857857,11.386220238095238
3500.0        ,3700.0        ,3540.0        ,3500.0        ,80.0             ,11.4         ,3.90384425919 ,4.75         ,15.75        ,POR     ,211.0     ,-5.0      ,0       ,BKN     ,          ,203090.0  ,21700267.0,Maurice Harkless       ,13.75     ,11.72316700550899 ,15.157499999999999
3400.0        ,3400.0        ,3400.0        ,3400.0        ,0.0              ,13.125       ,4.625         ,8.5          ,17.75        ,BKN     ,211.0     ,5.0       ,1       ,POR     ,          ,203092.0  ,21700267.0,Tyler Zeller           ,13.25     ,15.16437188885248 ,16.306875
3300.0        ,3300.0        ,3300.0        ,3300.0        ,0.0              ,12.3333333333,0.623609564462,11.5         ,13.0         ,BKN     ,211.0     ,5.0       ,1       ,POR     ,          ,203112.0  ,21700267.0,Quincy Acy             ,15.5      ,14.911855875602651,14.85625
4800.0        ,4600.0        ,4500.0        ,4400.0        ,81.6496580928    ,32.5833333333,4.0276819912  ,29.25        ,38.25        ,BKN     ,211.0     ,5.0       ,1       ,POR     ,          ,203459.0  ,21700267.0,Allen Crabbe           ,20.5      ,24.80119123291305 ,21.70996794871795
7200.0        ,7200.0        ,7020.0        ,6900.0        ,116.619037897    ,34.2         ,5.29952828089 ,26.0         ,40.0         ,POR     ,211.0     ,-5.0      ,0       ,BKN     ,          ,203468.0  ,21700267.0,CJ McCollum            ,38.0      ,31.94490854657171 ,41.24666666666666
3700.0        ,3600.0        ,3320.0        ,3100.0        ,203.960780544    ,21.4         ,7.98373346248 ,10.5         ,32.0         ,POR     ,211.0     ,-5.0      ,0       ,BKN     ,          ,203894.0  ,21700267.0,Shabazz Napier         ,17.0      ,18.137823223322947,18.045119047619046
6600.0        ,6000.0        ,5433.3333     ,4800.0        ,492.160768674    ,41.8333333333,6.14523302153 ,35.75        ,50.25        ,BKN     ,211.0     ,5.0       ,1       ,POR     ,          ,203915.0  ,21700267.0,Spencer Dinwiddie      ,31.0      ,27.140528928483427,34.52916666666667
3500.0        ,3600.0        ,3566.6667     ,3500.0        ,47.1404520791    ,17.4166666667,8.26723788349 ,6.5          ,26.5         ,BKN     ,211.0     ,5.0       ,1       ,POR     ,          ,203925.0  ,21700267.0,Joe Harris             ,14.25     ,17.307679930398272,13.00375
3400.0        ,3400.0        ,3400.0        ,3400.0        ,0.0              ,4.25         ,4.25          ,0.0          ,8.5          ,BKN     ,211.0     ,5.0       ,1       ,POR     ,          ,203930.0  ,21700267.0,Sean Kilpatrick        ,6.25      ,12.758703609486055,6.486875
3500.0        ,3600.0        ,3560.0        ,3500.0        ,48.9897948557    ,22.75        ,10.7098085884 ,14.25        ,42.0         ,POR     ,211.0     ,-5.0      ,0       ,BKN     ,          ,203943.0  ,21700267.0,Noah Vonleh            ,15.25     ,20.659109865444243,14.390476190476189
6500.0        ,7100.0        ,6880.0        ,6700.0        ,160.0            ,23.6         ,5.56237359407 ,16.25        ,31.75        ,POR     ,211.0     ,-5.0      ,0       ,BKN     ,          ,203994.0  ,21700267.0,Jusuf Nurkic           ,28.0      ,30.042076701785376,34.49025793650794
3800.0        ,3900.0        ,3750.0        ,3700.0        ,86.6025403784    ,18.8125      ,6.29328759473 ,10.5         ,26.5         ,NYK     ,208.0     ,-2.0      ,0       ,ATL     ,          ,101127.0  ,21700268.0,Jarrett Jack           ,22.5      ,17.33735574456419 ,22.09267857142857
3800.0        ,3900.0        ,3850.0        ,3800.0        ,50.0             ,10.375       ,3.625         ,6.75         ,14.0         ,ATL     ,208.0     ,2.0       ,1       ,NYK     ,          ,101141.0  ,21700268.0,Ersan Ilyasova         ,12.75     ,13.550838240635073,11.20702380952381
3400.0        ,3500.0        ,3500.0        ,3500.0        ,0.0              ,3.125        ,0.375         ,2.75         ,3.5          ,NYK     ,208.0     ,-2.0      ,0       ,ATL     ,          ,1626195.0 ,21700268.0,Willy Hernangomez      ,9.25      ,9.351205208703632 ,9.77892857142857
3400.0        ,3700.0        ,3550.0        ,3500.0        ,86.6025403784    ,10.4375      ,4.80681482377 ,4.75         ,18.0         ,ATL     ,208.0     ,2.0       ,1       ,NYK     ,          ,1627098.0 ,21700268.0,Malcolm Delaney        ,14.0      ,12.758813093350302,9.722916666666666
5200.0        ,5300.0        ,5050.0        ,4800.0        ,180.277563773    ,29.625       ,7.76309377761 ,20.5         ,41.25        ,ATL     ,208.0     ,2.0       ,1       ,NYK     ,          ,1627752.0 ,21700268.0,Taurean Prince         ,23.25     ,25.81621969510553 ,23.684791666666666
3000.0        ,3000.0        ,3000.0        ,3000.0        ,0.0              ,0.5          ,0.5           ,0.0          ,1.0          ,ATL     ,208.0     ,2.0       ,1       ,NYK     ,          ,1627761.0 ,21700268.0,DeAndre' Bembry        ,3.25      ,7.99864125790009  ,5.319583333333333
4000.0        ,4000.0        ,3875.0        ,3800.0        ,82.9156197589    ,12.4375      ,8.94492698405 ,-0.5         ,24.25        ,NYK     ,208.0     ,-2.0      ,0       ,ATL     ,          ,1628373.0 ,21700268.0,Frank Ntilikina        ,19.75     ,14.506877510786174,15.819166666666666
4800.0        ,4800.0        ,4625.0        ,4400.0        ,147.901994577    ,26.875       ,6.01690327328 ,20.0         ,35.25        ,ATL     ,208.0     ,2.0       ,1       ,NYK     ,          ,1628381.0 ,21700268.0,John Collins           ,22.0      ,23.97639433709805 ,20.55455357142857
3300.0        ,3500.0        ,3166.6667     ,3000.0        ,235.702260396    ,2.5          ,3.53553390593 ,0.0          ,7.5          ,NYK     ,208.0     ,-2.0      ,0       ,ATL     ,          ,1628422.0 ,21700268.0,Damyean Dotson         ,10.25     ,8.877808670670671 ,6.833214285714286
3300.0        ,3400.0        ,3200.0        ,3000.0        ,200.0            ,13.25        ,10.6638993806 ,1.5          ,28.5         ,ATL     ,208.0     ,2.0       ,1       ,NYK     ,          ,1628463.0 ,21700268.0,Tyler Cavanaugh        ,14.5      ,13.684219120109493,11.981338383838384
3800.0        ,4100.0        ,3925.0        ,3800.0        ,108.972473589    ,20.9375      ,7.74268808296 ,9.5          ,31.25        ,ATL     ,208.0     ,2.0       ,1       ,NYK     ,          ,201158.0  ,21700268.0,Marco Belinelli        ,16.5      ,20.050821952450995,15.27125
3300.0        ,3400.0        ,3400.0        ,3400.0        ,0.0              ,9.375        ,3.375         ,6.0          ,12.75        ,NYK     ,208.0     ,-2.0      ,0       ,ATL     ,          ,201196.0  ,21700268.0,Ramon Sessions         ,12.25     ,10.485627519837424,14.951805555555557
3300.0        ,3400.0        ,3400.0        ,3400.0        ,0.0              ,11.125       ,6.875         ,4.25         ,18.0         ,NYK     ,208.0     ,-2.0      ,0       ,ATL     ,          ,201563.0  ,21700268.0,Michael Beasley        ,13.5      ,10.97341121097201 ,15.103075396825398
4600.0        ,4600.0        ,4325.0        ,4100.0        ,178.535710714    ,26.125       ,4.875         ,19.0         ,32.75        ,NYK     ,208.0     ,-2.0      ,0       ,ATL     ,          ,201584.0  ,21700268.0,Courtney Lee           ,26.75     ,24.06394883508976 ,21.538988095238096
3400.0        ,3400.0        ,3400.0        ,3400.0        ,0.0              ,6.4375       ,1.89880719137 ,3.25         ,8.25         ,NYK     ,208.0     ,-2.0      ,0       ,ATL     ,          ,202498.0  ,21700268.0,Lance Thomas           ,9.75      ,9.844139905371271 ,7.679166666666667
6100.0        ,6600.0        ,6475.0        ,6300.0        ,108.972473589    ,31.75        ,12.0286117237 ,19.0         ,47.0         ,NYK     ,208.0     ,-2.0      ,0       ,ATL     ,          ,202683.0  ,21700268.0,Enes Kanter            ,31.75     ,35.42716632035355 ,33.84366071428572
3500.0        ,3900.0        ,3700.0        ,3600.0        ,122.474487139    ,12.125       ,3.8790301623  ,8.0          ,18.5         ,NYK     ,208.0     ,-2.0      ,0       ,ATL     ,          ,203124.0  ,21700268.0,Kyle O'Quinn           ,15.5      ,13.02387418412226 ,14.963214285714283
5400.0        ,5400.0        ,5125.0        ,4900.0        ,192.028643697    ,29.0625      ,10.276452148  ,19.25        ,44.5         ,ATL     ,208.0     ,2.0       ,1       ,NYK     ,          ,203145.0  ,21700268.0,Kent Bazemore          ,28.25     ,25.944520740050898,25.233869047619045
6600.0        ,7100.0        ,6700.0        ,6300.0        ,291.547594742    ,32.9375      ,7.13787214441 ,23.0         ,43.0         ,ATL     ,208.0     ,2.0       ,1       ,NYK     ,          ,203471.0  ,21700268.0,Dennis Schroder        ,36.5      ,33.997053408905515,32.99756944444444
5100.0        ,5200.0        ,4975.0        ,4600.0        ,227.760839479    ,30.1875      ,14.8675138725 ,17.5         ,55.0         ,ATL     ,208.0     ,2.0       ,1       ,NYK     ,          ,203473.0  ,21700268.0,Dewayne Dedmon         ,22.75     ,24.993747024596274,25.491190476190475
6600.0        ,6700.0        ,6500.0        ,6200.0        ,212.132034356    ,39.875       ,10.935178325  ,27.75        ,56.0         ,NYK     ,208.0     ,-2.0      ,0       ,ATL     ,          ,203501.0  ,21700268.0,Tim Hardaway Jr.       ,29.25     ,36.28252007856748 ,30.659761904761904
3500.0        ,3700.0        ,3550.0        ,3500.0        ,86.6025403784    ,15.0         ,6.96195015782 ,6.0          ,25.25        ,NYK     ,208.0     ,-2.0      ,0       ,ATL     ,          ,203926.0  ,21700268.0,Doug McDermott         ,18.0      ,14.088582992687446,14.046369047619049
8900.0        ,9600.0        ,9050.0        ,8700.0        ,335.410196625    ,35.875       ,6.50120181197 ,25.5         ,43.25        ,NYK     ,208.0     ,-2.0      ,0       ,ATL     ,          ,204001.0  ,21700268.0,Kristaps Porzingis     ,44.25     ,40.68183489600945 ,42.95744047619047
4400.0        ,5300.0        ,4780.0        ,4400.0        ,331.058907145    ,13.65        ,10.4947605976 ,2.5          ,31.0         ,BOS     ,209.0     ,-8.0      ,1       ,ORL     ,          ,1626179.0 ,21700269.0,Terry Rozier           ,16.0      ,18.545655218296954,19.581666666666667
3000.0        ,3000.0        ,3000.0        ,3000.0        ,0.0              ,6.75         ,3.78043207407 ,3.25         ,12.0         ,ORL     ,209.0     ,8.0       ,0       ,BOS     ,          ,1626209.0 ,21700269.0,Mario Hezonja          ,6.0       ,9.577078312826428 ,9.614404761904762
6500.0        ,6700.0        ,6540.0        ,6300.0        ,135.646599663    ,34.05        ,4.0478389296  ,29.0         ,40.25        ,BOS     ,209.0     ,-8.0      ,1       ,ORL     ,          ,1627759.0 ,21700269.0,Jaylen Brown           ,32.0      ,34.472401942244524,35.36479166666666
3000.0        ,3000.0        ,3000.0        ,3000.0        ,0.0              ,-0.5         ,0.0           ,-0.5         ,-0.5         ,BOS     ,209.0     ,-8.0      ,1       ,ORL     ,          ,1627846.0 ,21700269.0,Abdel Nader            ,2.75      ,8.368175862687433 ,5.449761904761905
5700.0        ,6300.0        ,6140.0        ,6000.0        ,101.980390272    ,27.65        ,6.5049980784  ,18.5         ,34.75        ,BOS     ,209.0     ,-8.0      ,1       ,ORL     ,          ,1628369.0 ,21700269.0,Jayson Tatum           ,27.5      ,31.456844767557033,28.326607142857142
3200.0        ,3400.0        ,3240.0        ,3200.0        ,80.0             ,3.45         ,2.72671964089 ,0.0          ,8.25         ,BOS     ,209.0     ,-8.0      ,1       ,ORL     ,          ,1628400.0 ,21700269.0,Semi Ojeleye           ,5.25      ,9.135875738502307 ,7.979464285714286
3300.0        ,3300.0        ,3300.0        ,3300.0        ,0.0              ,8.35         ,6.70186541196 ,2.5          ,18.5         ,BOS     ,209.0     ,-8.0      ,1       ,ORL     ,          ,1628464.0 ,21700269.0,Daniel Theis           ,6.75      ,10.20456060222031 ,10.055208333333335
6900.0        ,7600.0        ,7480.0        ,7200.0        ,160.0            ,31.45        ,4.31682753883 ,24.5         ,36.25        ,BOS     ,209.0     ,-8.0      ,1       ,ORL     ,          ,201143.0  ,21700269.0,Al Horford             ,30.25     ,37.37078003886785 ,28.751666666666665
3000.0        ,3000.0        ,3000.0        ,3000.0        ,0.0              ,7.33333333333,7.45076431575 ,0.75         ,17.75        ,ORL     ,209.0     ,8.0       ,0       ,BOS     ,          ,201167.0  ,21700269.0,Arron Afflalo          ,11.0      ,9.34808224317271  ,8.872619047619049
3100.0        ,3100.0        ,3050.0        ,3000.0        ,50.0             ,17.8125      ,2.13874232903 ,15.25        ,20.5         ,ORL     ,209.0     ,8.0       ,0       ,BOS     ,          ,201578.0  ,21700269.0,Marreese Speights      ,12.0      ,14.190233937280674,14.235714285714286
8300.0        ,8500.0        ,8325.0        ,8100.0        ,178.535710714    ,45.3125      ,10.6688433651 ,35.25        ,62.75        ,BOS     ,209.0     ,-8.0      ,1       ,ORL     ,          ,202681.0  ,21700269.0,Kyrie Irving           ,37.25     ,39.40002758752083 ,37.578789682539686
3200.0        ,3200.0        ,3200.0        ,3200.0        ,0.0              ,16.4375      ,3.78886114156 ,11.0         ,21.25        ,ORL     ,209.0     ,8.0       ,0       ,BOS     ,          ,202687.0  ,21700269.0,Bismack Biyombo        ,13.0      ,14.117621601344375,12.427916666666667
4900.0        ,5000.0        ,4920.0        ,4800.0        ,74.8331477355    ,25.2         ,6.86913386098 ,14.75        ,36.0         ,BOS     ,209.0     ,-8.0      ,1       ,ORL     ,          ,202694.0  ,21700269.0,Marcus Morris          ,23.25     ,26.689157274244764,28.987797619047615
6600.0        ,7300.0        ,7075.0        ,6800.0        ,178.535710714    ,34.25        ,9.77400890116 ,22.5         ,49.25        ,ORL     ,209.0     ,8.0       ,0       ,BOS     ,          ,202696.0  ,21700269.0,Nikola Vucevic         ,33.25     ,32.848549153146735,34.72708333333334
3400.0        ,3700.0        ,3500.0        ,3400.0        ,141.421356237    ,10.8333333333,3.3685638219  ,6.75         ,15.0         ,ORL     ,209.0     ,8.0       ,0       ,BOS     ,          ,202714.0  ,21700269.0,Shelvin Mack           ,13.75     ,12.637212780572582,15.005833333333333
3700.0        ,3700.0        ,3625.0        ,3500.0        ,82.9156197589    ,17.375       ,1.92435053979 ,14.25        ,19.5         ,ORL     ,209.0     ,8.0       ,0       ,BOS     ,          ,203082.0  ,21700269.0,Terrence Ross          ,12.75     ,16.278801053958816,14.822242063492064
5900.0        ,6400.0        ,6300.0        ,6100.0        ,122.474487139    ,25.8125      ,4.56335608407 ,18.25        ,30.25        ,ORL     ,209.0     ,8.0       ,0       ,BOS     ,          ,203095.0  ,21700269.0,Evan Fournier          ,26.75     ,30.058710577062634,29.555
3500.0        ,4500.0        ,3820.0        ,3500.0        ,354.400902933    ,9.55         ,3.61386219992 ,5.5          ,14.5         ,BOS     ,209.0     ,-8.0      ,1       ,ORL     ,          ,203382.0  ,21700269.0,Aron Baynes            ,15.75     ,11.425292718182376,16.576249999999998
3200.0        ,3800.0        ,3425.0        ,3200.0        ,248.746859277    ,3.6875       ,2.4709246751  ,0.0          ,6.5          ,BOS     ,209.0     ,-8.0      ,1       ,ORL     ,          ,203499.0  ,21700269.0,Shane Larkin           ,5.25      ,9.299466787629322 ,6.3670833333333325
4200.0        ,4600.0        ,4525.0        ,4400.0        ,82.9156197589    ,18.75        ,6.05959982177 ,10.0         ,25.0         ,ORL     ,209.0     ,8.0       ,0       ,BOS     ,          ,203613.0  ,21700269.0,Jonathon Simmons       ,23.75     ,19.79269069694401 ,22.256666666666668
5700.0        ,7000.0        ,6500.0        ,6100.0        ,367.423461417    ,19.1875      ,4.19960935683 ,13.0         ,24.75        ,ORL     ,209.0     ,8.0       ,0       ,BOS     ,          ,203901.0  ,21700269.0,Elfrid Payton          ,29.75     ,28.14652971542827 ,35.496428571428574
6500.0        ,7400.0        ,7175.0        ,6800.0        ,227.760839479    ,28.875       ,3.97845761571 ,23.75        ,34.5         ,ORL     ,209.0     ,8.0       ,0       ,BOS     ,          ,203932.0  ,21700269.0,Aaron Gordon           ,30.5      ,31.88297994776807 ,30.28805555555556
5100.0        ,6300.0        ,5800.0        ,5500.0        ,334.664010614    ,24.4         ,8.78293800502 ,13.75        ,37.75        ,BOS     ,209.0     ,-8.0      ,1       ,ORL     ,          ,203935.0  ,21700269.0,Marcus Smart           ,29.0      ,28.093233937443195,23.176636904761907
3800.0        ,4000.0        ,3875.0        ,3800.0        ,82.9156197589    ,17.5         ,5.61248608016 ,8.5          ,23.5         ,CHA     ,221.0     ,5.0       ,0       ,CLE     ,          ,101107.0  ,21700270.0,Marvin Williams        ,19.5      ,17.103566567852656,23.51357142857143
3400.0        ,3400.0        ,3400.0        ,3400.0        ,0.0              ,17.0         ,6.69654761799 ,6.25         ,23.0         ,CLE     ,221.0     ,-5.0      ,1       ,CHA     ,          ,101112.0  ,21700270.0,Channing Frye          ,14.0      ,14.967612865326267,12.766666666666667
3000.0        ,3000.0        ,3000.0        ,3000.0        ,0.0              ,13.75        ,10.75         ,3.0          ,24.5         ,CLE     ,221.0     ,-5.0      ,1       ,CHA     ,          ,101181.0  ,21700270.0,Jose Calderon          ,20.25     ,14.50829063345742 ,20.188194444444445
3900.0        ,4000.0        ,4000.0        ,4000.0        ,0.0              ,20.125       ,8.625         ,10.5         ,33.75        ,CHA     ,221.0     ,5.0       ,0       ,CLE     ,          ,1626163.0 ,21700270.0,Frank Kaminsky         ,18.25     ,19.33442928904047 ,18.31263888888889
3000.0        ,3000.0        ,3000.0        ,3000.0        ,0.0              ,6.16666666667,6.40746092891 ,0.0          ,15.0         ,CLE     ,221.0     ,-5.0      ,1       ,CHA     ,          ,1626224.0 ,21700270.0,Cedi Osman             ,8.5       ,14.240008514793077,7.928511904761905
3600.0        ,4100.0        ,3833.3333     ,3600.0        ,205.480466766    ,3.66666666667,3.29983164554 ,0.0          ,8.0          ,CHA     ,221.0     ,5.0       ,0       ,CLE     ,          ,1628370.0 ,21700270.0,Malik Monk             ,4.0       ,9.097543582892602 ,7.287529761904762
3400.0        ,3400.0        ,3400.0        ,3400.0        ,0.0              ,5.5625       ,2.70632938683 ,1.5          ,9.0          ,CHA     ,221.0     ,5.0       ,0       ,CLE     ,          ,1628407.0 ,21700270.0,Dwayne Bacon           ,8.5       ,9.245087481979178 ,5.87702380952381
3700.0        ,4400.0        ,4125.0        ,4000.0        ,163.935963108    ,16.0625      ,4.14342476099 ,12.25        ,22.75        ,CLE     ,221.0     ,-5.0      ,1       ,CHA     ,          ,201145.0  ,21700270.0,Jeff Green             ,17.0      ,15.673073895168663,18.692440476190477
7700.0        ,7600.0        ,7475.0        ,7400.0        ,82.9156197589    ,34.9375      ,11.4351090397 ,15.5         ,45.0         ,CLE     ,221.0     ,-5.0      ,1       ,CHA     ,          ,201567.0  ,21700270.0,Kevin Love             ,38.5      ,33.36116023427446 ,39.16160714285714
8200.0        ,7900.0        ,7725.0        ,7400.0        ,204.633819297    ,42.3125      ,13.499276601  ,27.0         ,64.0         ,CHA     ,221.0     ,5.0       ,0       ,CLE     ,          ,202689.0  ,21700270.0,Kemba Walker           ,39.75     ,42.68189017007603 ,43.00645833333333
4000.0        ,4200.0        ,4100.0        ,4000.0        ,70.7106781187    ,21.3125      ,9.34975768403 ,15.5         ,37.5         ,CHA     ,221.0     ,5.0       ,0       ,CLE     ,          ,203077.0  ,21700270.0,Michael Kidd-Gilchrist ,19.25     ,20.17715717324546 ,21.078541666666666
5100.0        ,5700.0        ,5325.0        ,5100.0        ,227.760839479    ,27.1875      ,1.48297631471 ,24.75        ,28.75        ,CHA     ,221.0     ,5.0       ,0       ,CLE     ,          ,203087.0  ,21700270.0,Jeremy Lamb            ,31.0      ,23.694265806277706,27.345357142857143
3800.0        ,3900.0        ,3900.0        ,3900.0        ,0.0              ,17.5         ,4.80234317807 ,13.25        ,25.25        ,CLE     ,221.0     ,-5.0      ,1       ,CHA     ,          ,203109.0  ,21700270.0,Jae Crowder            ,16.5      ,15.295501223736933,19.0125
3600.0        ,4000.0        ,3750.0        ,3600.0        ,165.831239518    ,15.9375      ,1.37357881099 ,13.75        ,17.5         ,CHA     ,221.0     ,5.0       ,0       ,CLE     ,          ,203469.0  ,21700270.0,Cody Zeller            ,17.5      ,15.773179900056306,18.07779761904762
3200.0        ,3200.0        ,3200.0        ,3200.0        ,0.0              ,12.875       ,0.375         ,12.5         ,13.25        ,CHA     ,221.0     ,5.0       ,0       ,CLE     ,          ,203487.0  ,21700270.0,Michael Carter-Williams,19.25     ,12.650471761440928,9.974404761904761
3000.0        ,3000.0        ,3000.0        ,3000.0        ,0.0              ,2.0          ,0.0           ,2.0          ,2.0          ,CLE     ,221.0     ,-5.0      ,1       ,CHA     ,          ,204066.0  ,21700270.0,John Holland           ,8.0       ,13.55150593895907 ,2.1819444444444445
11200.0       ,11300.0       ,11025.0       ,10700.0       ,238.484800354    ,54.8125      ,10.3007508828 ,38.0         ,66.0         ,CLE     ,221.0     ,-5.0      ,1       ,CHA     ,          ,2544.0    ,21700270.0,LeBron James           ,54.0      ,54.75144546499027 ,54.13326388888889
5200.0        ,5100.0        ,4800.0        ,4600.0        ,187.082869339    ,33.625       ,11.8644690147 ,22.0         ,52.75        ,CLE     ,221.0     ,-5.0      ,1       ,CHA     ,          ,2548.0    ,21700270.0,Dwyane Wade            ,23.75     ,20.76841106050598 ,21.51369047619048
3600.0        ,3700.0        ,3600.0        ,3500.0        ,70.7106781187    ,19.875       ,7.99511569647 ,13.25        ,33.25        ,CLE     ,221.0     ,-5.0      ,1       ,CHA     ,          ,2594.0    ,21700270.0,Kyle Korver            ,16.75     ,15.3489610222526  ,21.194285714285716
7000.0        ,7200.0        ,7025.0        ,6800.0        ,147.901994577    ,34.25        ,16.830961054  ,15.25        ,57.0         ,CHA     ,221.0     ,5.0       ,0       ,CLE     ,          ,2730.0    ,21700270.0,Dwight Howard          ,34.5      ,34.60440772845919 ,41.050962301587305
4000.0        ,4300.0        ,4150.0        ,3800.0        ,206.155281281    ,19.875       ,5.4786517502  ,13.0         ,25.25        ,CLE     ,221.0     ,-5.0      ,1       ,CHA     ,          ,2747.0    ,21700270.0,JR Smith               ,20.0      ,16.100675108529877,17.85833333333333
6700.0        ,7200.0        ,6900.0        ,6700.0        ,167.332005307    ,29.7         ,11.1830228472 ,17.75        ,49.75        ,IND     ,217.0     ,2.0       ,1       ,TOR     ,          ,1626167.0 ,21700271.0,Myles Turner           ,35.75     ,28.252409123890494,33.50252976190476
3700.0        ,3900.0        ,3900.0        ,3900.0        ,0.0              ,4.75         ,0.0           ,4.75         ,4.75         ,TOR     ,217.0     ,-2.0      ,0       ,IND     ,          ,1626181.0 ,21700271.0,Norman Powell          ,13.0      ,9.709432330484287 ,15.287053571428572
3000.0        ,3000.0        ,3000.0        ,3000.0        ,0.0              ,2.125        ,1.125         ,1.0          ,3.25         ,IND     ,217.0     ,2.0       ,1       ,TOR     ,          ,1626202.0 ,21700271.0,Joe Young              ,2.25      ,8.175995242196397 ,4.163749999999999
5700.0        ,5900.0        ,5600.0        ,5300.0        ,252.982212813    ,24.25        ,4.50555213043 ,15.5         ,27.75        ,IND     ,217.0     ,2.0       ,1       ,TOR     ,          ,1627734.0 ,21700271.0,Domantas Sabonis       ,28.5      ,23.885440124182132,24.971666666666668
3300.0        ,3700.0        ,3580.0        ,3400.0        ,97.9795897113    ,10.2         ,3.15990506186 ,4.75         ,14.5         ,TOR     ,217.0     ,-2.0      ,0       ,IND     ,          ,1627751.0 ,21700271.0,Jakob Poeltl           ,15.75     ,10.144680343727705,12.249166666666667
3800.0        ,3800.0        ,3640.0        ,3600.0        ,80.0             ,19.85        ,7.84952227846 ,9.75         ,32.5         ,TOR     ,217.0     ,-2.0      ,0       ,IND     ,          ,1627783.0 ,21700271.0,Pascal Siakam          ,16.5      ,16.156763987519845,15.03392857142857
3500.0        ,3500.0        ,3100.0        ,3000.0        ,200.0            ,17.35        ,4.45701693961 ,10.5         ,22.25        ,TOR     ,217.0     ,-2.0      ,0       ,IND     ,          ,1627832.0 ,21700271.0,Fred VanVleet          ,13.25     ,12.54436074479067 ,15.765803571428572
3700.0        ,3800.0        ,3300.0        ,3000.0        ,368.781778292    ,13.35        ,5.56686626389 ,7.0          ,23.5         ,TOR     ,217.0     ,-2.0      ,0       ,IND     ,          ,1628384.0 ,21700271.0,OG Anunoby             ,13.5      ,11.227990101511708,14.539166666666668
3000.0        ,3000.0        ,3000.0        ,3000.0        ,0.0              ,6.25         ,4.87660230078 ,0.0          ,12.75        ,IND     ,217.0     ,2.0       ,1       ,TOR     ,          ,1628388.0 ,21700271.0,TJ Leaf                ,8.25      ,8.996199075629407 ,8.865357142857142
8100.0        ,8200.0        ,7540.0        ,6800.0        ,467.332857822    ,41.2         ,8.76413144584 ,28.75        ,50.25        ,TOR     ,217.0     ,-2.0      ,0       ,IND     ,          ,200768.0  ,21700271.0,Kyle Lowry             ,41.75     ,39.776471066086344,39.978125
6000.0        ,6300.0        ,6100.0        ,5700.0        ,219.089023002    ,24.35        ,8.8212810861  ,10.75        ,32.75        ,IND     ,217.0     ,2.0       ,1       ,TOR     ,          ,201152.0  ,21700271.0,Thaddeus Young         ,28.0      ,24.815437782440828,27.28517857142857
5000.0        ,5300.0        ,5125.0        ,4900.0        ,147.901994577    ,19.4375      ,2.42625611797 ,15.25        ,21.0         ,TOR     ,217.0     ,-2.0      ,0       ,IND     ,          ,201586.0  ,21700271.0,Serge Ibaka            ,23.25     ,21.241168322770378,25.15982142857143
8400.0        ,8300.0        ,7780.0        ,7100.0        ,406.939798988    ,45.1         ,7.83038951777 ,34.75        ,58.0         ,TOR     ,217.0     ,-2.0      ,0       ,IND     ,          ,201942.0  ,21700271.0,DeMar DeRozan          ,43.75     ,42.09161268868999 ,44.479166666666664
6000.0        ,6100.0        ,5920.0        ,5500.0        ,222.710574513    ,30.55        ,9.01720577563 ,16.5         ,45.0         ,IND     ,217.0     ,2.0       ,1       ,TOR     ,          ,201954.0  ,21700271.0,Darren Collison        ,32.5      ,25.361993663659092,25.72547619047619
3600.0        ,3700.0        ,3500.0        ,3300.0        ,126.491106407    ,21.3         ,6.06918445922 ,9.25         ,25.5         ,IND     ,217.0     ,2.0       ,1       ,TOR     ,          ,202362.0  ,21700271.0,Lance Stephenson       ,17.5      ,15.192356386773653,16.504732142857144
4800.0        ,5200.0        ,4980.0        ,4700.0        ,172.046505341    ,18.6         ,7.44244583454 ,9.25         ,31.0         ,TOR     ,217.0     ,-2.0      ,0       ,IND     ,          ,202685.0  ,21700271.0,Jonas Valanciunas      ,23.75     ,20.087504546686162,18.69607142857143
3600.0        ,3700.0        ,3640.0        ,3600.0        ,48.9897948557    ,18.85        ,5.67582593109 ,10.75        ,26.25        ,IND     ,217.0     ,2.0       ,1       ,TOR     ,          ,202709.0  ,21700271.0,Cory Joseph            ,14.25     ,14.655121793823703,16.807142857142857
4500.0        ,4500.0        ,4420.0        ,4300.0        ,74.8331477355    ,27.1         ,10.3508453761 ,13.0         ,40.75        ,IND     ,217.0     ,2.0       ,1       ,TOR     ,          ,202711.0  ,21700271.0,Bojan Bogdanovic       ,29.5      ,21.817067529505067,24.162103174603175
3000.0        ,3000.0        ,3000.0        ,3000.0        ,0.0              ,6.75         ,1.5           ,5.25         ,8.25         ,TOR     ,217.0     ,-2.0      ,0       ,IND     ,          ,203485.0  ,21700271.0,Lorenzo Brown          ,4.75      ,8.423075678048713 ,9.047916666666667
8000.0        ,7700.0        ,7540.0        ,7100.0        ,224.499443206    ,45.8         ,11.6204561012 ,34.0         ,65.75        ,IND     ,217.0     ,2.0       ,1       ,TOR     ,          ,203506.0  ,21700271.0,Victor Oladipo         ,41.5      ,35.06709652408714 ,42.759375
3400.0        ,3400.0        ,3400.0        ,3400.0        ,0.0              ,10.7         ,8.37167844581 ,0.0          ,20.0         ,TOR     ,217.0     ,-2.0      ,0       ,IND     ,          ,203512.0  ,21700271.0,Lucas Nogueira         ,10.5      ,10.319829127466832,11.692460317460316
3000.0        ,3000.0        ,3000.0        ,3000.0        ,0.0              ,3.375        ,1.375         ,2.0          ,4.75         ,IND     ,217.0     ,2.0       ,1       ,TOR     ,          ,2863.0    ,21700271.0,Damien Wilkins         ,3.0       ,8.302352369638472 ,4.445416666666666
3000.0        ,3000.0        ,3000.0        ,3000.0        ,0.0              ,9.5          ,2.56417628099 ,6.75         ,14.0         ,MIN     ,208.0     ,-5.0      ,1       ,MIA     ,          ,1626145.0 ,21700272.0,Tyus Jones             ,9.0       ,10.30319126722167 ,13.369791666666666
8700.0        ,9600.0        ,9200.0        ,8600.0        ,419.523539268    ,42.35        ,9.15232210972 ,32.25        ,56.5         ,MIN     ,208.0     ,-5.0      ,1       ,MIA     ,          ,1626157.0 ,21700272.0,Karl-Anthony Towns     ,47.75     ,45.70767049451607 ,51.50041666666666
4100.0        ,4000.0        ,4000.0        ,4000.0        ,0.0              ,19.5625      ,4.54620377348 ,14.5         ,26.75        ,MIA     ,208.0     ,5.0       ,0       ,MIN     ,          ,1626159.0 ,21700272.0,Justise Winslow        ,21.75     ,17.50463000005006 ,20.794583333333332
3000.0        ,3000.0        ,3000.0        ,3000.0        ,0.0              ,5.25         ,0.0           ,5.25         ,5.25         ,MIA     ,208.0     ,5.0       ,0       ,MIN     ,          ,1626175.0 ,21700272.0,Jordan Mickey          ,13.0      ,8.324021384013676 ,8.40690476190476
4500.0        ,4800.0        ,4675.0        ,4600.0        ,82.9156197589    ,19.8125      ,9.0698246262  ,10.0         ,32.75        ,MIA     ,208.0     ,5.0       ,0       ,MIN     ,          ,1626196.0 ,21700272.0,Josh Richardson        ,23.75     ,19.815572152980387,23.19333333333333
3000.0        ,3000.0        ,3000.0        ,3000.0        ,0.0              ,3.375        ,3.375         ,0.0          ,6.75         ,MIN     ,208.0     ,-5.0      ,1       ,MIA     ,          ,1627875.0 ,21700272.0,Marcus Georges-Hunt    ,3.25      ,8.657662818704512 ,5.5975
3600.0        ,3600.0        ,3600.0        ,3600.0        ,0.0              ,2.625        ,0.875         ,1.75         ,3.5          ,MIA     ,208.0     ,5.0       ,0       ,MIN     ,          ,1628389.0 ,21700272.0,Bam Adebayo            ,9.5       ,8.84578939844652  ,10.158888888888889
3000.0        ,3000.0        ,3000.0        ,3000.0        ,0.0              ,2.5          ,2.5           ,0.0          ,5.0          ,MIN     ,208.0     ,-5.0      ,1       ,MIA     ,          ,201166.0  ,21700272.0,Aaron Brooks           ,4.25      ,8.487824429769693 ,3.1558333333333333
6700.0        ,6800.0        ,6675.0        ,6600.0        ,82.9156197589    ,28.125       ,5.50709769298 ,21.25        ,35.5         ,MIA     ,208.0     ,5.0       ,0       ,MIN     ,          ,201609.0  ,21700272.0,Goran Dragic           ,29.0      ,32.98260248959683 ,34.51755952380952
5800.0        ,6200.0        ,5925.0        ,5600.0        ,238.484800354    ,21.375       ,8.25473349055 ,10.0         ,32.75        ,MIA     ,208.0     ,5.0       ,0       ,MIN     ,          ,201949.0  ,21700272.0,James Johnson          ,25.0      ,27.849819792944245,28.3515873015873
6400.0        ,6800.0        ,6500.0        ,6100.0        ,289.827534924    ,30.9         ,5.42816727819 ,21.0         ,36.5         ,MIN     ,208.0     ,-5.0      ,1       ,MIA     ,          ,201952.0  ,21700272.0,Jeff Teague            ,32.25     ,31.56227009985077 ,35.458749999999995
5100.0        ,5400.0        ,5120.0        ,4700.0        ,271.293199325    ,23.85        ,6.04483250388 ,14.5         ,32.5         ,MIN     ,208.0     ,-5.0      ,1       ,MIA     ,          ,201959.0  ,21700272.0,Taj Gibson             ,23.0      ,23.47705402643508 ,19.241309523809523
3400.0        ,3300.0        ,3300.0        ,3300.0        ,0.0              ,12.375       ,9.88765012528 ,3.0          ,29.0         ,MIA     ,208.0     ,5.0       ,0       ,MIN     ,          ,201961.0  ,21700272.0,Wayne Ellington        ,8.75      ,11.412952392248858,12.735416666666667
3000.0        ,3000.0        ,3000.0        ,3000.0        ,0.0              ,0.0          ,0.0           ,0.0          ,0.0          ,MIN     ,208.0     ,-5.0      ,1       ,MIA     ,          ,202332.0  ,21700272.0,Cole Aldrich           ,4.75      ,8.071561495388133 ,4.760416666666666
8500.0        ,8900.0        ,8325.0        ,8000.0        ,369.966214674    ,40.0         ,7.71159840759 ,27.25        ,48.0         ,MIA     ,208.0     ,5.0       ,0       ,MIN     ,          ,202355.0  ,21700272.0,Hassan Whiteside       ,42.25     ,41.60276847018561 ,40.67285714285715
3400.0        ,3400.0        ,3400.0        ,3400.0        ,0.0              ,14.1         ,4.84406853791 ,10.0         ,23.5         ,MIN     ,208.0     ,-5.0      ,1       ,MIA     ,          ,202357.0  ,21700272.0,Nemanja Bjelica        ,11.0      ,13.289607857271037,13.799166666666668
6800.0        ,7500.0        ,7180.0        ,6700.0        ,324.961536185    ,39.2         ,11.5102128564 ,24.75        ,54.5         ,MIN     ,208.0     ,-5.0      ,1       ,MIA     ,          ,202710.0  ,21700272.0,Jimmy Butler           ,37.25     ,36.209581764571936,36.950694444444444
5600.0        ,5900.0        ,5775.0        ,5600.0        ,108.972473589    ,24.0         ,9.84250984251 ,7.5          ,33.5         ,MIA     ,208.0     ,5.0       ,0       ,MIN     ,          ,203079.0  ,21700272.0,Dion Waiters           ,24.5      ,27.80183365503184 ,27.00994047619048
3700.0        ,3800.0        ,3766.6667     ,3700.0        ,47.1404520791    ,8.25         ,1.54110350074 ,6.25         ,10.0         ,MIN     ,208.0     ,-5.0      ,1       ,MIA     ,          ,203476.0  ,21700272.0,Gorgui Dieng           ,12.0      ,11.872722404102259,11.1725
4000.0        ,4800.0        ,4475.0        ,4300.0        ,204.633819297    ,10.9375      ,2.13874232903 ,8.0          ,14.0         ,MIA     ,208.0     ,5.0       ,0       ,MIN     ,          ,203482.0  ,21700272.0,Kelly Olynyk           ,19.5      ,14.52546650442844 ,21.505297619047617
3500.0        ,3700.0        ,3540.0        ,3500.0        ,80.0             ,6.85         ,4.61410879802 ,2.0          ,13.5         ,MIN     ,208.0     ,-5.0      ,1       ,MIA     ,          ,203498.0  ,21700272.0,Shabazz Muhammad       ,7.75      ,10.73874470295827 ,9.76875
3600.0        ,3800.0        ,3740.0        ,3700.0        ,48.9897948557    ,13.9         ,6.23016853705 ,5.0          ,24.5         ,MIN     ,208.0     ,-5.0      ,1       ,MIA     ,          ,2037.0    ,21700272.0,Jamal Crawford         ,14.25     ,13.78601027825762 ,13.731666666666666
6300.0        ,6700.0        ,6600.0        ,6500.0        ,89.4427191       ,26.4         ,8.09104443196 ,15.75        ,36.5         ,MIN     ,208.0     ,-5.0      ,1       ,MIA     ,          ,203952.0  ,21700272.0,Andrew Wiggins         ,35.75     ,30.97866034076973 ,25.833184523809525
4000.0        ,4500.0        ,4400.0        ,4300.0        ,70.7106781187    ,20.1875      ,2.94414142833 ,16.0         ,24.0         ,MIA     ,208.0     ,5.0       ,0       ,MIN     ,          ,204020.0  ,21700272.0,Tyler Johnson          ,22.0      ,18.363342039698587,25.773333333333333
3000.0        ,3000.0        ,3000.0        ,3000.0        ,0.0              ,2.0          ,0.0           ,2.0          ,2.0          ,MIA     ,208.0     ,5.0       ,0       ,MIN     ,          ,2617.0    ,21700272.0,Udonis Haslem          ,12.75     ,7.6945971660344945,14.279166666666665
3300.0        ,3400.0        ,3350.0        ,3300.0        ,50.0             ,12.9375      ,0.569402098697,12.0         ,13.5         ,OKC     ,203.0     ,-8.0      ,1       ,DET     ,          ,101109.0  ,21700273.0,Raymond Felton         ,13.5      ,9.157470309729788 ,14.765
3800.0        ,4400.0        ,4175.0        ,3700.0        ,286.138078556    ,13.4375      ,5.7210548634  ,7.75         ,22.0         ,DET     ,203.0     ,8.0       ,0       ,OKC     ,          ,1626169.0 ,21700273.0,Stanley Johnson        ,19.75     ,11.82262122301951 ,15.854583333333332
3400.0        ,3400.0        ,3400.0        ,3400.0        ,0.0              ,4.9375       ,3.6115050533  ,1.25         ,10.25        ,OKC     ,203.0     ,-8.0      ,1       ,DET     ,          ,1626177.0 ,21700273.0,Dakari Johnson         ,6.75      ,8.467674132486314 ,10.457083333333333
3000.0        ,3000.0        ,3000.0        ,3000.0        ,0.0              ,13.0         ,0.0           ,13.0         ,13.0         ,DET     ,203.0     ,8.0       ,0       ,OKC     ,          ,1627740.0 ,21700273.0,Henry Ellenson         ,14.25     ,8.880428520878208 ,18.2
3300.0        ,3300.0        ,3240.0        ,3000.0        ,120.0            ,16.0         ,7.87083223046 ,4.25         ,26.75        ,DET     ,203.0     ,8.0       ,0       ,OKC     ,          ,1628379.0 ,21700273.0,Luke Kennard           ,12.75     ,10.317752873141474,16.02922619047619
3000.0        ,3000.0        ,3000.0        ,3000.0        ,0.0              ,1.25         ,1.25          ,0.0          ,2.5          ,OKC     ,203.0     ,-8.0      ,1       ,DET     ,          ,1628390.0 ,21700273.0,Terrance Ferguson      ,2.0       ,7.574974351797561 ,0.746875
3500.0        ,3700.0        ,3540.0        ,3400.0        ,135.646599663    ,15.2         ,6.06300255649 ,8.25         ,23.75        ,DET     ,203.0     ,8.0       ,0       ,OKC     ,          ,201229.0  ,21700273.0,Anthony Tolliver       ,15.25     ,11.157735728510366,16.425416666666667
10600.0       ,11000.0       ,10650.0       ,10300.0       ,269.258240357    ,50.25        ,11.833480046  ,38.75        ,70.0         ,OKC     ,203.0     ,-8.0      ,1       ,DET     ,          ,201566.0  ,21700273.0,Russell Westbrook      ,54.25     ,53.92710387513395 ,51.5764880952381
8500.0        ,8700.0        ,8350.0        ,7900.0        ,295.803989155    ,43.0625      ,15.0076803254 ,19.75        ,60.5         ,OKC     ,203.0     ,-8.0      ,1       ,DET     ,          ,202331.0  ,21700273.0,Paul George            ,49.0      ,45.31544471337606 ,38.894285714285715
3100.0        ,3100.0        ,3100.0        ,3100.0        ,0.0              ,8.0          ,5.01560066193 ,-0.5         ,12.5         ,OKC     ,203.0     ,-8.0      ,1       ,DET     ,          ,202335.0  ,21700273.0,Patrick Patterson      ,8.25      ,8.503424362298613 ,10.544791666666665
6100.0        ,6400.0        ,6020.0        ,5700.0        ,231.516738056    ,28.75        ,8.87693640847 ,15.5         ,40.5         ,DET     ,203.0     ,8.0       ,0       ,OKC     ,          ,202340.0  ,21700273.0,Avery Bradley          ,25.25     ,27.170854267979415,25.11041666666667
3700.0        ,3800.0        ,3700.0        ,3600.0        ,89.4427191       ,17.0         ,6.220932406   ,8.0          ,26.5         ,DET     ,203.0     ,8.0       ,0       ,OKC     ,          ,202397.0  ,21700273.0,Ish Smith              ,13.25     ,13.24689030576401 ,17.585238095238093
6500.0        ,6700.0        ,6420.0        ,6200.0        ,172.046505341    ,28.95        ,6.98999284692 ,20.25        ,37.75        ,DET     ,203.0     ,8.0       ,0       ,OKC     ,          ,202699.0  ,21700273.0,Tobias Harris          ,37.0      ,28.7030050841859  ,33.16580357142857
6000.0        ,6200.0        ,6120.0        ,6000.0        ,74.8331477355    ,22.7         ,7.33382574104 ,9.25         ,29.0         ,DET     ,203.0     ,8.0       ,0       ,OKC     ,          ,202704.0  ,21700273.0,Reggie Jackson         ,26.5      ,26.95111887281189 ,26.732083333333332
8800.0        ,9000.0        ,8860.0        ,8700.0        ,101.980390272    ,38.75        ,9.83742852579 ,21.5         ,50.5         ,DET     ,203.0     ,8.0       ,0       ,OKC     ,          ,203083.0  ,21700273.0,Andre Drummond         ,38.5      ,42.37490138380996 ,41.570277777777775
3300.0        ,3300.0        ,3275.0        ,3200.0        ,43.3012701892    ,13.0         ,3.58381779671 ,8.0          ,17.75        ,OKC     ,203.0     ,-8.0      ,1       ,DET     ,          ,203460.0  ,21700273.0,Andre Roberson         ,16.0      ,9.445831712634465 ,15.129166666666666
3000.0        ,3500.0        ,3166.6667     ,3000.0        ,235.702260396    ,7.0          ,5.82022336341 ,0.0          ,14.25        ,DET     ,203.0     ,8.0       ,0       ,OKC     ,          ,203493.0  ,21700273.0,Reggie Bullock         ,7.25      ,7.527612868759711 ,8.912886904761907
5200.0        ,5700.0        ,5700.0        ,5700.0        ,0.0              ,25.125       ,4.375         ,20.75        ,29.5         ,OKC     ,203.0     ,-8.0      ,1       ,DET     ,          ,203500.0  ,21700273.0,Steven Adams           ,25.0      ,23.170260379463976,30.181875
3400.0        ,3400.0        ,3400.0        ,3400.0        ,0.0              ,9.375        ,2.45267710879 ,5.5          ,12.25        ,OKC     ,203.0     ,-8.0      ,1       ,DET     ,          ,203518.0  ,21700273.0,Alex Abrines           ,13.5      ,8.905631289226783 ,14.396904761904759
4100.0        ,4300.0        ,4200.0        ,3900.0        ,173.205080757    ,21.5625      ,9.92530698518 ,11.0         ,34.75        ,OKC     ,203.0     ,-8.0      ,1       ,DET     ,          ,203924.0  ,21700273.0,Jerami Grant           ,18.75     ,15.719478088431352,22.041666666666668
3000.0        ,3000.0        ,3000.0        ,3000.0        ,0.0              ,11.15        ,5.88557558782 ,5.25         ,19.75        ,DET     ,203.0     ,8.0       ,0       ,OKC     ,          ,203961.0  ,21700273.0,Eric Moreland          ,15.5      ,8.260009479392249 ,16.821309523809525
3000.0        ,3000.0        ,3000.0        ,3000.0        ,0.0              ,7.0625       ,7.09615873202 ,1.25         ,18.75        ,OKC     ,203.0     ,-8.0      ,1       ,DET     ,          ,203962.0  ,21700273.0,Josh Huestis           ,7.75      ,8.517186158222657 ,8.637708333333334
3000.0        ,3000.0        ,3000.0        ,3000.0        ,0.0              ,10.7         ,3.59304884464 ,6.25         ,16.25        ,DET     ,203.0     ,8.0       ,0       ,OKC     ,          ,204038.0  ,21700273.0,Langston Galloway      ,10.0      ,8.163644032006692 ,14.236011904761906
6900.0        ,7000.0        ,6900.0        ,6800.0        ,81.6496580928    ,36.3333333333,3.13802839729 ,33.75        ,40.75        ,OKC     ,203.0     ,-8.0      ,1       ,DET     ,          ,2546.0    ,21700273.0,Carmelo Anthony        ,31.25     ,33.10678118011684 ,36.07901785714286
4200.0        ,4700.0        ,4475.0        ,4400.0        ,129.903810568    ,17.6875      ,13.6580733909 ,3.75         ,33.5         ,DEN     ,211.0     ,-7.0      ,1       ,MEM     ,          ,1626144.0 ,21700274.0,Emmanuel Mudiay        ,23.75     ,19.17370054941661 ,27.334375
3400.0        ,3200.0        ,3200.0        ,3200.0        ,0.0              ,5.375        ,3.375         ,2.0          ,8.75         ,MEM     ,211.0     ,7.0       ,0       ,DEN     ,          ,1626150.0 ,21700274.0,Andrew Harrison        ,5.0       ,10.430447181134028,10.128125
3200.0        ,3000.0        ,3000.0        ,3000.0        ,0.0              ,11.3125      ,8.0920002935  ,2.0          ,21.0         ,DEN     ,211.0     ,-7.0      ,1       ,MEM     ,          ,1626168.0 ,21700274.0,Trey Lyles             ,13.25     ,11.09451918166217 ,10.112222222222224
3400.0        ,3700.0        ,3566.6667     ,3500.0        ,94.2809041582    ,4.41666666667,1.1606990231  ,3.25         ,6.0          ,MEM     ,211.0     ,7.0       ,0       ,DEN     ,          ,1626185.0 ,21700274.0,Jarell Martin          ,6.5       ,10.665963046626159,7.44
3000.0        ,3000.0        ,3000.0        ,3000.0        ,0.0              ,5.25         ,2.65361388802 ,3.25         ,9.0          ,DEN     ,211.0     ,-7.0      ,1       ,MEM     ,          ,1627736.0 ,21700274.0,Malik Beasley          ,2.0       ,8.697705866437364 ,4.393055555555555
3000.0        ,3000.0        ,3000.0        ,3000.0        ,0.0              ,8.25         ,1.5           ,6.75         ,9.75         ,MEM     ,211.0     ,7.0       ,0       ,DEN     ,          ,1627738.0 ,21700274.0,Deyonta Davis          ,7.25      ,10.284636557462568,12.182500000000001
5200.0        ,5400.0        ,5025.0        ,4700.0        ,286.138078556    ,26.8125      ,8.22985229211 ,21.0         ,41.0         ,DEN     ,211.0     ,-7.0      ,1       ,MEM     ,          ,1627750.0 ,21700274.0,Jamal Murray           ,22.0      ,23.377788504676197,24.254583333333336
4100.0        ,4300.0        ,4150.0        ,4000.0        ,111.803398875    ,19.625       ,5.95425268191 ,11.5         ,27.0         ,MEM     ,211.0     ,7.0       ,0       ,DEN     ,          ,1628415.0 ,21700274.0,Dillon Brooks          ,20.75     ,21.14139111105571 ,24.810833333333328
4900.0        ,4600.0        ,4433.3333     ,4300.0        ,124.721912892    ,32.6666666667,3.85320934057 ,27.5         ,36.75        ,DEN     ,211.0     ,-7.0      ,1       ,MEM     ,          ,201163.0  ,21700274.0,Wilson Chandler        ,25.25     ,22.724162806601075,28.316190476190478
7900.0        ,8200.0        ,7750.0        ,7200.0        ,415.331193146    ,48.875       ,14.0273170991 ,35.75        ,70.75        ,MEM     ,211.0     ,7.0       ,0       ,DEN     ,          ,201188.0  ,21700274.0,Marc Gasol             ,43.0      ,38.425072726214616,35.56868055555556
5300.0        ,4700.0        ,4075.0        ,3700.0        ,389.711431703    ,30.1875      ,6.57023353847 ,21.5         ,40.0         ,MEM     ,211.0     ,7.0       ,0       ,DEN     ,          ,201596.0  ,21700274.0,Mario Chalmers         ,20.5      ,29.22579631768992 ,16.900178571428572
6900.0        ,7300.0        ,6850.0        ,6500.0        ,320.156211872    ,33.75        ,9.48189063426 ,19.75        ,44.5         ,MEM     ,211.0     ,7.0       ,0       ,DEN     ,          ,201936.0  ,21700274.0,Tyreke Evans           ,38.0      ,36.473119938961396,32.116875
3800.0        ,3400.0        ,3400.0        ,3400.0        ,0.0              ,10.9375      ,4.78727153502 ,5.75         ,18.75        ,DEN     ,211.0     ,-7.0      ,1       ,MEM     ,          ,202702.0  ,21700274.0,Kenneth Faried         ,9.25      ,13.12831003558882 ,7.504583333333334
4000.0        ,3700.0        ,3575.0        ,3500.0        ,82.9156197589    ,17.375       ,3.98630467978 ,11.75        ,21.5         ,MEM     ,211.0     ,7.0       ,0       ,DEN     ,          ,202718.0  ,21700274.0,Chandler Parsons       ,20.0      ,18.08377974107965 ,18.759781746031745
6000.0        ,6000.0        ,5775.0        ,5500.0        ,178.535710714    ,24.5625      ,11.3045552212 ,11.25        ,41.5         ,DEN     ,211.0     ,-7.0      ,1       ,MEM     ,          ,203115.0  ,21700274.0,Will Barton            ,30.0      ,25.030625358976764,24.7225
4300.0        ,4700.0        ,4566.6667     ,4500.0        ,94.2809041582    ,19.5         ,5.83452368807 ,11.25        ,23.75        ,MEM     ,211.0     ,7.0       ,0       ,DEN     ,          ,203210.0  ,21700274.0,JaMychal Green         ,19.5      ,21.899106335287293,18.654880952380953
3500.0        ,3500.0        ,3500.0        ,3500.0        ,0.0              ,8.875        ,6.01690327328 ,-1.5         ,13.25        ,MEM     ,211.0     ,7.0       ,0       ,DEN     ,          ,203463.0  ,21700274.0,Ben McLemore           ,11.75     ,12.725122751097695,9.293333333333333
3600.0        ,3700.0        ,3650.0        ,3600.0        ,50.0             ,15.3125      ,9.88903275098 ,-0.5         ,26.5         ,DEN     ,211.0     ,-7.0      ,1       ,MEM     ,          ,203486.0  ,21700274.0,Mason Plumlee          ,19.25     ,15.338445069432632,15.277045454545455
3600.0        ,3800.0        ,3700.0        ,3600.0        ,100.0            ,8.5          ,5.10820418543 ,1.25         ,15.25        ,MEM     ,211.0     ,7.0       ,0       ,DEN     ,          ,203516.0  ,21700274.0,James Ennis III        ,14.5      ,13.498076733818408,9.184166666666666
5100.0        ,5400.0        ,5300.0        ,5200.0        ,81.6496580928    ,31.5833333333,3.47211110933 ,26.75        ,34.75        ,DEN     ,211.0     ,-7.0      ,1       ,MEM     ,          ,203914.0  ,21700274.0,Gary Harris            ,26.5      ,23.98149582098732 ,23.004761904761907
8600.0        ,9200.0        ,8700.0        ,8100.0        ,463.680924775    ,31.125       ,10.7681532771 ,16.0         ,43.5         ,DEN     ,211.0     ,-7.0      ,1       ,MEM     ,          ,203999.0  ,21700274.0,Nikola Jokic           ,46.75     ,41.14172206765232 ,48.45922619047619
3000.0        ,3000.0        ,3000.0        ,3000.0        ,0.0              ,1.5          ,0.0           ,1.5          ,1.5          ,DEN     ,211.0     ,-7.0      ,1       ,MEM     ,          ,2210.0    ,21700274.0,Richard Jefferson      ,2.5       ,7.866906598061442 ,4.633333333333334
7800.0        ,8100.0        ,7850.0        ,7500.0        ,229.128784748    ,38.3125      ,6.34521226989 ,29.25        ,44.75        ,PHX     ,228.0     ,7.0       ,1       ,NOP     ,          ,1626164.0 ,21700275.0,Devin Booker           ,37.5      ,38.68445609410284 ,36.49883928571429
3400.0        ,3400.0        ,3400.0        ,3400.0        ,0.0              ,14.9375      ,7.32157556473 ,7.5          ,22.75        ,PHX     ,228.0     ,7.0       ,1       ,NOP     ,          ,1627733.0 ,21700275.0,Dragan Bender          ,10.75     ,17.748478051078237,16.485714285714288
3800.0        ,4100.0        ,4000.0        ,3900.0        ,70.7106781187    ,15.9375      ,4.78073935182 ,9.25         ,21.5         ,PHX     ,228.0     ,7.0       ,1       ,NOP     ,          ,1627737.0 ,21700275.0,Marquese Chriss        ,15.25     ,20.384679087835597,11.788452380952382
4100.0        ,4200.0        ,4075.0        ,3700.0        ,216.506350946    ,19.6875      ,6.7392854777  ,14.0         ,30.75        ,PHX     ,228.0     ,7.0       ,1       ,NOP     ,          ,1627755.0 ,21700275.0,Tyler Ulis             ,20.25     ,22.051750464124083,21.64595238095238
3300.0        ,3300.0        ,3300.0        ,3300.0        ,0.0              ,7.83333333333,5.53900311929 ,0.0          ,11.75        ,NOP     ,228.0     ,-7.0      ,0       ,PHX     ,          ,1627767.0 ,21700275.0,Cheick Diallo          ,11.0      ,11.899945478586128,12.692281746031744
3000.0        ,3000.0        ,3000.0        ,3000.0        ,0.0              ,3.375        ,1.375         ,2.0          ,4.75         ,NOP     ,228.0     ,-7.0      ,0       ,PHX     ,          ,1627883.0 ,21700275.0,Jalen Jones            ,5.75      ,9.6823749902297   ,4.829672619047619
3600.0        ,3800.0        ,3600.0        ,3500.0        ,122.474487139    ,19.5625      ,6.9267935403  ,10.25        ,29.25        ,PHX     ,228.0     ,7.0       ,1       ,NOP     ,          ,1628367.0 ,21700275.0,Josh Jackson           ,17.75     ,20.799852584793353,21.57875
3000.0        ,3000.0        ,3000.0        ,3000.0        ,0.0              ,1.5          ,0.0           ,1.5          ,1.5          ,NOP     ,228.0     ,-7.0      ,0       ,PHX     ,          ,1628429.0 ,21700275.0,Charles Cooke          ,1.5       ,9.183718695791699 ,7.215208333333334
4200.0        ,4900.0        ,4375.0        ,4100.0        ,311.24748995     ,18.5625      ,7.5195058847  ,7.25         ,26.75        ,PHX     ,228.0     ,7.0       ,1       ,NOP     ,          ,1628455.0 ,21700275.0,Mike James             ,31.0      ,22.313809165694643,27.6
4900.0        ,5200.0        ,4700.0        ,4400.0        ,331.662479036    ,17.4375      ,7.77088918657 ,4.5          ,25.25        ,NOP     ,228.0     ,-7.0      ,0       ,PHX     ,          ,200765.0  ,21700275.0,Rajon Rondo            ,21.75     ,20.945230049998887,23.990208333333335
6500.0        ,6800.0        ,6575.0        ,6400.0        ,147.901994577    ,30.3125      ,2.60633243275 ,27.5         ,34.5         ,NOP     ,228.0     ,-7.0      ,0       ,PHX     ,          ,201950.0  ,21700275.0,Jrue Holiday           ,35.5      ,33.3894091714515  ,28.675
3500.0        ,3500.0        ,3500.0        ,3500.0        ,0.0              ,10.1875      ,5.03542140739 ,4.0          ,18.0         ,NOP     ,228.0     ,-7.0      ,0       ,PHX     ,          ,201967.0  ,21700275.0,Dante Cunningham       ,13.0      ,13.540399030254282,16.555059523809522
11400.0       ,11300.0       ,11050.0       ,10900.0       ,165.831239518    ,44.0         ,12.3098030041 ,26.0         ,58.0         ,NOP     ,228.0     ,-7.0      ,0       ,PHX     ,          ,202326.0  ,21700275.0,DeMarcus Cousins       ,55.0      ,54.95979118223123 ,54.51416666666667
4700.0        ,4700.0        ,4300.0        ,4100.0        ,282.842712475    ,25.6666666667,13.4974277385 ,9.75         ,42.75        ,PHX     ,228.0     ,7.0       ,1       ,NOP     ,          ,202328.0  ,21700275.0,Greg Monroe            ,22.0      ,24.244533158200795,25.871686507936506
3700.0        ,4100.0        ,4025.0        ,3900.0        ,82.9156197589    ,23.75        ,7.1610927937  ,17.25        ,34.5         ,NOP     ,228.0     ,-7.0      ,0       ,PHX     ,          ,202734.0  ,21700275.0,E'Twaun Moore          ,20.0      ,18.041840320500118,19.996022727272727
10700.0       ,11000.0       ,10375.0       ,9800.0        ,438.035386698    ,42.6875      ,12.6767195579 ,28.25        ,61.25        ,NOP     ,228.0     ,-7.0      ,0       ,PHX     ,          ,203076.0  ,21700275.0,Anthony Davis          ,54.75     ,54.71242197605254 ,51.51458333333333
3300.0        ,3300.0        ,3225.0        ,3000.0        ,129.903810568    ,19.875       ,8.06322671144 ,8.0          ,28.25        ,NOP     ,228.0     ,-7.0      ,0       ,PHX     ,          ,203121.0  ,21700275.0,Darius Miller          ,17.75     ,15.591364774768325,20.02166666666667
4500.0        ,5400.0        ,4900.0        ,4400.0        ,380.788655293    ,27.9375      ,12.1737101473 ,14.0         ,47.5         ,PHX     ,228.0     ,7.0       ,1       ,NOP     ,          ,203458.0  ,21700275.0,Alex Len               ,23.75     ,24.831729435611603,25.93553571428572
3400.0        ,3400.0        ,3400.0        ,3400.0        ,0.0              ,7.25         ,1.25          ,6.0          ,8.5          ,NOP     ,228.0     ,-7.0      ,0       ,PHX     ,          ,203546.0  ,21700275.0,Ian Clark              ,12.0      ,11.91990301214023 ,14.206666666666667
3300.0        ,3000.0        ,3000.0        ,3000.0        ,0.0              ,17.25        ,11.9726250254 ,-0.5         ,31.75        ,PHX     ,228.0     ,7.0       ,1       ,NOP     ,          ,203584.0  ,21700275.0,Troy Daniels           ,16.25     ,17.647949436982874,19.984583333333333
6600.0        ,6600.0        ,6450.0        ,6200.0        ,150.0            ,34.4375      ,7.41488157357 ,23.75        ,43.25        ,PHX     ,228.0     ,7.0       ,1       ,NOP     ,          ,203933.0  ,21700275.0,TJ Warren              ,29.5      ,31.522326667378792,30.84930555555555
4400.0        ,4400.0        ,4400.0        ,4400.0        ,0.0              ,28.75        ,0.0           ,28.75        ,28.75        ,PHX     ,228.0     ,7.0       ,1       ,NOP     ,          ,2199.0    ,21700275.0,Tyson Chandler         ,21.0      ,23.846661872902928,27.483125
3600.0        ,3900.0        ,3825.0        ,3800.0        ,43.3012701892    ,20.0625      ,5.96441269112 ,11.5         ,27.0         ,NOP     ,228.0     ,-7.0      ,0       ,PHX     ,          ,2749.0    ,21700275.0,Jameer Nelson          ,18.75     ,16.6852570090711  ,14.565178571428572
3000.0        ,3000.0        ,3000.0        ,3000.0        ,0.0              ,16.5         ,0.0           ,16.5         ,16.5         ,NOP     ,228.0     ,-7.0      ,0       ,PHX     ,          ,2754.0    ,21700275.0,Tony Allen             ,6.25      ,13.353605390027607,9.885833333333334
4400.0        ,5000.0        ,4825.0        ,4600.0        ,147.901994577    ,13.8125      ,5.7319690116  ,8.5          ,23.0         ,CHI     ,211.0     ,15.0      ,0       ,GSW     ,          ,1626170.0 ,21700276.0,Jerian Grant           ,16.0      ,22.3776296894692  ,21.27148809523809
5200.0        ,6300.0        ,5900.0        ,5200.0        ,430.116263352    ,20.0         ,4.06970514902 ,14.25        ,25.75        ,CHI     ,211.0     ,15.0      ,0       ,GSW     ,          ,1626171.0 ,21700276.0,Bobby Portis           ,19.25     ,30.030606829495007,27.405773809523804
3000.0        ,3000.0        ,3000.0        ,3000.0        ,0.0              ,15.0833333333,1.02740233383 ,13.75        ,16.25        ,GSW     ,211.0     ,-15.0     ,1       ,CHI     ,          ,1626172.0 ,21700276.0,Kevon Looney           ,12.0      ,10.59285301156495 ,14.977500000000001
3000.0        ,3000.0        ,3000.0        ,3000.0        ,0.0              ,0.0          ,0.0           ,0.0          ,0.0          ,GSW     ,211.0     ,-15.0     ,1       ,CHI     ,          ,1626188.0 ,21700276.0,Quinn Cook             ,3.5       ,7.954746388896966 ,1.9304166666666671
3000.0        ,3000.0        ,3000.0        ,3000.0        ,0.0              ,10.25        ,5.64856176385 ,2.5          ,16.25        ,CHI     ,211.0     ,15.0      ,0       ,GSW     ,          ,1626245.0 ,21700276.0,Cristiano Felicio      ,11.25     ,10.882324676242334,10.715
5500.0        ,5600.0        ,5200.0        ,4900.0        ,273.861278753    ,31.875       ,10.4500299043 ,16.5         ,45.25        ,CHI     ,211.0     ,15.0      ,0       ,GSW     ,          ,1627739.0 ,21700276.0,Kris Dunn              ,23.0      ,32.161455441591976,22.39017857142857
5400.0        ,5300.0        ,4650.0        ,4300.0        ,409.267638594    ,30.875       ,7.51144959379 ,23.25        ,40.25        ,CHI     ,211.0     ,15.0      ,0       ,GSW     ,          ,1627756.0 ,21700276.0,Denzel Valentine       ,29.0      ,30.854179222636326,23.58020833333333
3000.0        ,3000.0        ,3000.0        ,3000.0        ,0.0              ,0.0          ,0.0           ,0.0          ,0.0          ,CHI     ,211.0     ,15.0      ,0       ,GSW     ,          ,1627770.0 ,21700276.0,Kay Felder             ,11.0      ,8.707473586039304 ,11.527559523809524
3200.0        ,3300.0        ,3233.3333     ,3200.0        ,47.1404520791    ,0.25         ,0.735980072194,-0.5         ,1.25         ,GSW     ,211.0     ,-15.0     ,1       ,CHI     ,          ,1627775.0 ,21700276.0,Patrick McCaw          ,4.0       ,8.365548687133696 ,3.825
3800.0        ,3900.0        ,3900.0        ,3900.0        ,0.0              ,4.25         ,4.25          ,0.0          ,8.5          ,CHI     ,211.0     ,15.0      ,0       ,GSW     ,          ,1627835.0 ,21700276.0,Paul Zipser            ,17.5      ,11.610588454279721,12.228779761904761
6400.0        ,6500.0        ,6300.0        ,6000.0        ,187.082869339    ,37.5         ,5.63194016303 ,34.0         ,47.25        ,CHI     ,211.0     ,15.0      ,0       ,GSW     ,          ,1628374.0 ,21700276.0,Lauri Markkanen        ,26.25     ,33.28252657788545 ,30.098125000000003
3000.0        ,3000.0        ,3000.0        ,3000.0        ,0.0              ,1.25         ,0.0           ,1.25         ,1.25         ,GSW     ,211.0     ,-15.0     ,1       ,CHI     ,          ,1628395.0 ,21700276.0,Jordan Bell            ,2.5       ,8.043155406800377 ,1.8087499999999999
3000.0        ,3000.0        ,3000.0        ,3000.0        ,0.0              ,14.1875      ,4.94777412075 ,7.75         ,19.0         ,CHI     ,211.0     ,15.0      ,0       ,GSW     ,          ,1628469.0 ,21700276.0,Antonio Blakeney       ,13.5      ,12.054834679140471,14.532946428571426
9900.0        ,9700.0        ,9666.6667     ,9600.0        ,47.1404520791    ,40.5         ,2.15058131676 ,37.75        ,43.0         ,GSW     ,211.0     ,-15.0     ,1       ,CHI     ,          ,201142.0  ,21700276.0,Kevin Durant           ,46.0      ,51.698215673048594,47.45741071428572
3300.0        ,3300.0        ,3300.0        ,3300.0        ,0.0              ,10.25        ,2.48117915516 ,6.0          ,12.25        ,GSW     ,211.0     ,-15.0     ,1       ,CHI     ,          ,201156.0  ,21700276.0,Nick Young             ,12.0      ,10.008031907086378,13.134642857142856
4700.0        ,5500.0        ,5250.0        ,5000.0        ,180.277563773    ,18.625       ,7.75100799896 ,10.0         ,29.5         ,CHI     ,211.0     ,15.0      ,0       ,GSW     ,          ,201577.0  ,21700276.0,Robin Lopez            ,21.0      ,27.328308194151575,17.75986111111111
3000.0        ,3000.0        ,3000.0        ,3000.0        ,0.0              ,5.875        ,4.09839907769 ,2.75         ,12.75        ,GSW     ,211.0     ,-15.0     ,1       ,CHI     ,          ,201580.0  ,21700276.0,JaVale McGee           ,9.75      ,8.92885666874046  ,10.831904761904761
9600.0        ,9300.0        ,9033.3333     ,8700.0        ,249.443825785    ,50.6666666667,15.6342750249 ,31.0         ,69.25        ,GSW     ,211.0     ,-15.0     ,1       ,CHI     ,          ,201939.0  ,21700276.0,Stephen Curry          ,46.25     ,46.8691039809192  ,52.872142857142855
3600.0        ,3300.0        ,3300.0        ,3300.0        ,0.0              ,14.5625      ,8.61389683883 ,3.25         ,27.5         ,GSW     ,211.0     ,-15.0     ,1       ,CHI     ,          ,201956.0  ,21700276.0,Omri Casspi            ,15.0      ,13.283825754869163,17.47973214285714
3000.0        ,3000.0        ,3000.0        ,3000.0        ,0.0              ,3.08333333333,2.59272486435 ,1.25         ,6.75         ,CHI     ,211.0     ,15.0      ,0       ,GSW     ,          ,202347.0  ,21700276.0,Quincy Pondexter       ,4.75      ,9.226112008988457 ,9.831101190476192
7100.0        ,7400.0        ,6975.0        ,6700.0        ,258.60201082     ,31.1875      ,7.70019277356 ,23.5         ,44.0         ,GSW     ,211.0     ,-15.0     ,1       ,CHI     ,          ,202691.0  ,21700276.0,Klay Thompson          ,33.75     ,39.50640527249318 ,38.154999999999994
7500.0        ,7800.0        ,7575.0        ,7300.0        ,178.535710714    ,35.0         ,0.984250984251,33.75        ,36.5         ,GSW     ,211.0     ,-15.0     ,1       ,CHI     ,          ,203110.0  ,21700276.0,Draymond Green         ,38.5      ,41.297188039866334,42.27458333333333
5600.0        ,6400.0        ,6233.3333     ,6000.0        ,169.96731712     ,31.0833333333,6.29263237622 ,25.0         ,39.75        ,CHI     ,211.0     ,15.0      ,0       ,GSW     ,          ,203200.0  ,21700276.0,Justin Holiday         ,25.25     ,32.06207844674672 ,23.20694444444445
3500.0        ,3500.0        ,3450.0        ,3300.0        ,86.6025403784    ,19.8125      ,6.43810676752 ,12.5         ,28.25        ,GSW     ,211.0     ,-15.0     ,1       ,CHI     ,          ,2561.0    ,21700276.0,David West             ,18.5      ,15.740789057016867,19.48416666666667
3100.0        ,3100.0        ,3100.0        ,3100.0        ,0.0              ,15.125       ,1.43069039278 ,13.0         ,17.0         ,GSW     ,211.0     ,-15.0     ,1       ,CHI     ,          ,2585.0    ,21700276.0,Zaza Pachulia          ,14.75     ,10.99976350430796 ,17.185773809523813
3600.0        ,3600.0        ,3525.0        ,3500.0        ,43.3012701892    ,15.0625      ,8.18606857716 ,8.0          ,29.0         ,GSW     ,211.0     ,-15.0     ,1       ,CHI     ,          ,2733.0    ,21700276.0,Shaun Livingston       ,18.0      ,14.221730033797503,15.489583333333334
4000.0        ,4000.0        ,3700.0        ,3500.0        ,187.082869339    ,16.1875      ,6.32301105092 ,8.0          ,25.75        ,GSW     ,211.0     ,-15.0     ,1       ,CHI     ,          ,2738.0    ,21700276.0,Andre Iguodala         ,20.0      ,16.335112113960513,17.420476190476194
