"Sport","Entry","Contest_Date_EST","Place","Points","Winnings_Non_Ticket","Winnings_Ticket","Contest_Entries","Entry_Fee","Prize_Pool","Places_Paid"
"NBA","NBA $100 Daily FREE Contest [Free Contest Arcade]","2017-01-08 20:00:00",10708,248.25,"$0.00","$0.00",26612,"$0.00","$100.00",49
"NBA","NBA $1 Double Up [$200 Guaranteed]","2017-01-08 20:00:00",62,269.5,"$2.00","$0.00",229,"$1.00","$200.00",100
"NBA","NBA $1 Double Up [$50 Guaranteed]","2017-01-08 20:00:00",6,283.75,"$2.00","$0.00",57,"$1.00","$50.00",25
"NBA","NBA $3K Quarter Arcade [Just $0.25!]  (2/2)","2017-01-08 20:00:00",2139,272.25,"$0.50","$0.00",14117,"$0.25","$3,000.00",3492
"NBA","NBA $3K Quarter Arcade [Just $0.25!]  (1/2)","2017-01-08 20:00:00",3506,263,"$0.00","$0.00",14117,"$0.25","$3,000.00",3492
"NBA","NBA $1 Double Up [$20 Guaranteed]","2017-01-08 20:00:00",18,242,"$0.00","$0.00",23,"$1.00","$20.00",10
"NBA","NBA $1 Double Up [$100 Guaranteed]","2017-01-08 20:00:00",54,259,"$0.00","$0.00",114,"$1.00","$100.00",50
"NBA","NBA $1 Double Up [$200 Guaranteed]","2017-01-08 20:00:00",86,259.5,"$2.00","$0.00",229,"$1.00","$200.00",100
"NBA","NBA $1 Double Up [$200 Guaranteed]","2017-01-07 19:00:00",145,277.5,"$0.00","$0.00",229,"$1.00","$200.00",100
"NBA","NBA $1 Double Up [$50 Guaranteed]","2017-01-07 19:00:00",8,317.25,"$2.00","$0.00",57,"$1.00","$50.00",25
"NBA","Casual NBA $1 Double Up [$20 Gtd]","2017-01-07 19:00:00",9,278.75,"$2.00","$0.00",23,"$1.00","$20.00",10
"NBA","Casual NBA $1 Double Up [$20 Gtd]","2017-01-07 19:00:00",8,287,"$2.00","$0.00",23,"$1.00","$20.00",10
"NBA","NBA $1 Double Up [$20 Guaranteed]","2017-01-07 19:00:00",17,271,"$0.00","$0.00",23,"$1.00","$20.00",10
"NBA","Casual NBA $1 Double Up [$20 Gtd]","2017-01-07 19:00:00",1,351.5,"$2.00","$0.00",23,"$1.00","$20.00",10
"NBA","Casual NBA $1 Double Up [$20 Gtd]","2017-01-06 19:00:00",19,226.5,"$0.00","$0.00",23,"$1.00","$20.00",10
"NBA","Casual NBA $1 Double Up [$20 Gtd]","2017-01-06 19:00:00",20,239,"$0.00","$0.00",23,"$1.00","$20.00",10
"NBA","Casual NBA $3 Double Up [$60 Gtd]","2017-01-06 19:00:00",15,246.25,"$0.00","$0.00",23,"$3.00","$60.00",10
"NBA","Casual NBA $1 Double Up [$20 Gtd]","2017-01-06 19:00:00",23,202.75,"$0.00","$0.00",23,"$1.00","$20.00",10
"NBA","Casual NBA $1 Double Up [$20 Gtd]","2017-01-06 19:00:00",18,239.25,"$0.00","$0.00",23,"$1.00","$20.00",10
"NBA","Casual NBA $1 Double Up [$20 Gtd]","2017-01-05 19:00:00",3,284.5,"$2.00","$0.00",23,"$1.00","$20.00",10
"NBA","Casual NBA $3 Double Up [$60 Gtd]","2017-01-05 19:00:00",16,253.75,"$0.00","$0.00",23,"$3.00","$60.00",10
"NBA","Casual NBA $1 Double Up [$20 Gtd]","2017-01-05 19:00:00",17,237.25,"$0.00","$0.00",23,"$1.00","$20.00",10
"NBA","Casual NBA $1 Double Up [$20 Gtd]","2017-01-04 19:00:00",6,305.5,"$2.00","$0.00",23,"$1.00","$20.00",10
"NBA","Casual NBA $3 Double Up [$60 Gtd]","2017-01-04 19:00:00",3,324.75,"$6.00","$0.00",23,"$3.00","$60.00",10
"NBA","Casual NBA $5 Double Up [$100 Gtd]","2017-01-03 19:00:00",8,289.75,"$10.00","$0.00",23,"$5.00","$100.00",10
"NBA","NBA $1 Double Up [$3,000 Gtd] (Multi-Entry)","2017-01-02 19:00:00",2150,258.25,"$0.00","$0.00",3448,"$1.00","$3,000.00",1500
"NBA","NBA $1 Double Up [$1,000 Gtd] (Multi-Entry)","2017-01-02 19:00:00",668,258.25,"$0.00","$0.00",1149,"$1.00","$1,000.00",500
"NBA","Casual NBA $1 Double Up [$20 Gtd]","2017-01-02 19:00:00",23,188.25,"$0.00","$0.00",23,"$1.00","$20.00",10
"NBA","NBA $1 Double Up [$100 Guaranteed]","2017-01-01 18:00:00",104,229,"$0.00","$0.00",114,"$1.00","$100.00",50
"NBA","Casual NBA $1 Double Up [$20 Gtd]","2016-12-31 19:00:00",22,172.5,"$0.00","$0.00",23,"$1.00","$20.00",10
"NBA","NBA $1 50/50","2016-12-31 19:00:00",50,152,"$0.00","$0.00",50,"$1.00","$45.00",25
"NBA","Casual NBA $1 Double Up [$20 Gtd]","2016-12-30 19:00:00",5,286.75,"$2.00","$0.00",23,"$1.00","$20.00",10
"NBA","NBA $1 Double Up [$20 Guaranteed]","2016-12-29 19:00:00",5,265,"$2.00","$0.00",23,"$1.00","$20.00",10
"NBA","NBA $1 Double Up [$1,000 Gtd] (Multi-Entry)","2016-12-28 19:00:00",584,275.75,"$0.00","$0.00",1149,"$1.00","$1,000.00",500
"NBA","NBA $1 Head-to-Head  vs. honeybadgerDFS","2016-12-28 19:00:00",2,260,"$0.00","$0.00",2,"$1.00","$1.80",1
"NBA","NBA $1 Double Up [$1,000 Gtd] (Multi-Entry)","2016-12-27 19:30:00",706,256,"$0.00","$0.00",1149,"$1.00","$1,000.00",500
"NBA","NBA $2 Double Up [$12,000 Gtd] (Multi-Entry)","2016-12-26 19:00:00",1126,298,"$4.00","$0.00",6896,"$2.00","$12,000.00",3000
"NBA","NBA $2 Head-to-Head  vs. Nro79","2016-12-26 19:00:00",2,276.5,"$0.00","$0.00",2,"$2.00","$3.60",1
"NBA","NBA $2 Double Up [$2,000 Gtd] (Multi-Entry)","2016-12-26 19:00:00",569,276.5,"$0.00","$0.00",1149,"$2.00","$2,000.00",500
"NBA","NBA $2 Double Up [$8,000 Gtd] (Multi-Entry)","2016-12-25 12:00:00",2408,269.5,"$0.00","$0.00",4597,"$2.00","$8,000.00",2000
"NBA","NBA $1 Double Up [$1,000 Gtd] (Multi-Entry)","2016-12-23 19:00:00",371,287.75,"$2.00","$0.00",1149,"$1.00","$1,000.00",500
"NBA","NBA $2 Double Up [$12,000 Gtd] (Multi-Entry)","2016-12-21 19:00:00",6834,218.5,"$0.00","$0.00",6896,"$2.00","$12,000.00",3000
"NBA","NBA $1 Double Up [$1,000 Gtd] (Multi-Entry)","2016-12-21 19:00:00",1134,225.5,"$0.00","$0.00",1149,"$1.00","$1,000.00",500
"NBA","NBA $2 Double Up [$12,000 Gtd] (Multi-Entry)","2016-12-20 19:00:00",4407,267,"$0.00","$0.00",6896,"$2.00","$12,000.00",3000
"NBA","NBA $1 Double Up [$3,000 Gtd] (Multi-Entry)","2016-12-19 19:00:00",1152,284,"$2.00","$0.00",3448,"$1.00","$3,000.00",1500
"NBA","NBA Single Entry $5 Double Up [$10,000 Gtd]","2016-11-23 19:00:00",1870,230.75,"$0.00","$0.00",2298,"$5.00","$10,000.00",1000
"NBA","NBA $10K Layup [$10,000 Guaranteed]","2016-11-21 19:00:00",4381,243.75,"$0.00","$0.00",5882,"$2.00","$10,000.00",1470
"NBA","NBA $35K And-One [$35,000 Guaranteed]","2016-11-21 19:00:00",26813,243.75,"$0.00","$0.00",41176,"$1.00","$35,000.00",10471
"NBA","NBA GIANT $10 Double Up [$35,000 Guaranteed]","2016-11-21 19:00:00",3563,243.75,"$0.00","$0.00",4022,"$10.00","$35,000.00",1750
"NBA","NBA $4K Daily Dollar [Single Entry]","2016-11-21 19:00:00",3215,243.75,"$0.00","$0.00",4705,"$1.00","$4,000.00",920
"NBA","NBA GIANT $5 Double Up [$40,000 Guaranteed]","2016-11-21 19:00:00",8169,243.75,"$0.00","$0.00",9195,"$5.00","$40,000.00",4000
"NBA","NBA $1K Quarter Arcade [Just $0.25!]","2016-11-21 19:00:00",4251,221,"$0.00","$0.00",4705,"$0.25","$1,000.00",1000
"NBA","NBA $3K And-One [$3,000 Guaranteed]","2016-11-21 19:00:00",3152,221,"$0.00","$0.00",3529,"$1.00","$3,000.00",910
"NBA","NBA $10 Double Up [$200 Guaranteed]","2016-11-21 19:00:00",23,221,"$0.00","$0.00",23,"$10.00","$200.00",10
"NBA","NBA $1K And-One [$1,000 Guaranteed]","2016-11-21 19:00:00",1057,221,"$0.00","$0.00",1176,"$1.00","$1,000.00",230
"NFL","Casual NFL $2 Double Up [$10,000 Gtd] (Multi-Entry)","2016-11-20 13:00:00",1229,144,"$4.00","$0.00",5747,"$2.00","$10,000.00",2500
"NFL","NFL MASSIVE $10 Double Up [$100,000 Guaranteed] (1/2)","2016-11-20 13:00:00",4197,144,"$20.00","$0.00",11494,"$10.00","$100,000.00",5000
"NFL","NFL MASSIVE $10 Double Up [$100,000 Guaranteed] (2/2)","2016-11-20 13:00:00",4197,144,"$20.00","$0.00",11494,"$10.00","$100,000.00",5000
"NFL","Casual NFL $10K First Down [$10,000 Gtd]","2016-11-20 13:00:00",2057,144,"$2.00","$0.00",11764,"$1.00","$10,000.00",2965
"NFL","NFL $4K Quarter Arcade [Just $0.25!]","2016-11-20 13:00:00",3737,144,"$0.50","$0.00",18823,"$0.25","$4,000.00",3956
"NFL","NFL Fantasy Football Millionaire SUPERSatellite [2x]","2016-11-20 13:00:00",41,144,"$0.00","$0.00",254,"$0.25","$54.00",2
"NBA","NBA $10K Quarter Arcade [Just $0.25!] (1/2)","2016-11-19 19:00:00",32561,243.25,"$0.00","$0.00",47058,"$0.25","$10,000.00",11915
"NBA","NBA $10K Quarter Arcade [Just $0.25!] (2/2)","2016-11-19 19:00:00",46399,190.5,"$0.00","$0.00",47058,"$0.25","$10,000.00",11915
"NBA","NBA $25K And-One [$25,000 Guaranteed]","2016-11-19 19:00:00",29099,190.5,"$0.00","$0.00",29411,"$1.00","$25,000.00",7484
"NBA","NBA Single Entry $25 Double Up [$20,000 Gtd]","2016-11-19 19:00:00",744,243.25,"$0.00","$0.00",919,"$25.00","$20,000.00",400
"NBA","NBA $2 Double Up [$14,000 Gtd] (Multi-Entry)","2016-11-19 19:00:00",8028,190.5,"$0.00","$0.00",8045,"$2.00","$14,000.00",3500
"NBA","NBA $325K Sharpshooter [$325,000 Guaranteed]","2016-11-19 19:00:00",125878,190.5,"$0.00","$0.00",127450,"$3.00","$325,000.00",34285
"NFL","Casual NFL $20K First Down [$20,000 Guaranteed]","2016-11-13 13:00:00",684,186,"$4.00","$0.00",23529,"$1.00","$20,000.00",5905
"NFL","Casual NFL $2 Double Up [$10,000 Gtd] (Multi-Entry)","2016-11-13 13:00:00",211,186,"$4.00","$0.00",5747,"$2.00","$10,000.00",2500
"CBB","CBB $5 50/50 [Top 50% Win]","2016-02-23 19:00:00",10,147.75,"$0.00","$0.00",10,"$5.00","$45.00",5
"CBB","CBB $3 Double Up [$60 Guaranteed]","2016-02-23 19:00:00",23,147.75,"$0.00","$0.00",23,"$3.00","$60.00",10
"CBB","CBB $3 Double Up [$60 Guaranteed]","2016-02-23 19:00:00",23,147.75,"$0.00","$0.00",23,"$3.00","$60.00",10
"NBA","NBA GIANT $5 Double Up [$75,000 Guaranteed]","2016-01-27 19:00:00",15833,199.75,"$0.00","$0.00",17045,"$5.00","$75,000.00",7500
"NBA","NBA $5 Double Up [$2,000 Gtd] (Multi-Entry)  (Night)","2016-01-18 19:30:00",431,202.5,"$0.00","$0.00",454,"$5.00","$2,000.00",200
"MMA","MMA $45K Haymaker [$45,000 Guaranteed]","2016-01-17 18:00:00",15811,155.5,"$0.00","$0.00",17241,"$3.00","$45,000.00",3525
"MMA","MMA $15K Arm Bar [$15,000 Guaranteed]","2016-01-17 18:00:00",3147,155.5,"$0.00","$0.00",3450,"$5.00","$15,000.00",700
"NBA","NBA GIANT $5 Double Up [$70,000 Guaranteed]","2016-01-05 20:00:00",10465,280.5,"$0.00","$0.00",15909,"$5.00","$70,000.00",7000
"NHL","NHL $10 Double Up [$100 Guaranteed]","2016-01-05 19:00:00",8,26.1,"$0.00","$0.00",11,"$10.00","$100.00",5
"NBA","NBA $10K Layup [$10,000 Guaranteed]","2016-01-04 19:00:00",3592,235.25,"$0.00","$0.00",5750,"$2.00","$10,000.00",1150
"NBA","NBA $6K Daily Dollar [Single Entry]","2016-01-04 19:00:00",4821,233,"$0.00","$0.00",7058,"$1.00","$6,000.00",1400
"NBA","NBA GIANT $1 Double Up [$22,000 Guaranteed]","2016-01-04 19:00:00",14954,246.75,"$0.00","$0.00",25000,"$1.00","$22,000.00",11000
"NBA","NBA $20K Sky Hook [$20,000 Guaranteed]","2016-01-04 19:00:00",1828,233,"$0.00","$0.00",2555,"$9.00","$20,000.00",510
"NBA","NBA $50K Zone [$50,000 Guaranteed]","2016-01-04 19:00:00",7896,233,"$0.00","$0.00",11500,"$5.00","$50,000.00",2300
"NBA","NBA $35K And One [$35,000 Gtd]","2016-01-04 19:00:00",18812,246.75,"$0.00","$0.00",41176,"$1.00","$35,000.00",8275
"NBA","NBA GIANT $5 Double Up [$75,000 Guaranteed]","2016-01-04 19:00:00",10253,246.75,"$0.00","$0.00",17045,"$5.00","$75,000.00",7500
"NBA","NBA $450K Tip-Off Special [$50K to 1st]","2016-01-04 19:00:00",116301,233,"$0.00","$0.00",172500,"$3.00","$450,000.00",34940
"NBA","NBA $3 Double Up [$60 Guaranteed]","2016-01-04 19:00:00",18,235.25,"$0.00","$0.00",23,"$3.00","$60.00",10
"NBA","NBA $4M January Jam / Slam Dunk SUPERSat [10x] (2/3)","2016-01-04 19:00:00",48,246.75,"$0.00","$0.00",115,"$10.00","$1,000.00",10
"NBA","NBA $4M January Jam / Slam Dunk SUPERSat [10x] (1/3)","2016-01-04 19:00:00",68,235.25,"$0.00","$0.00",115,"$10.00","$1,000.00",10
"NBA","NBA $4M January Jam / Slam Dunk SUPERSat [10x] (3/3)","2016-01-04 19:00:00",76,233,"$0.00","$0.00",115,"$10.00","$1,000.00",10
"CBB","CBB $10 Double Up [$100 Guaranteed]","2016-01-03 14:00:00",10,152,"$0.00","$0.00",11,"$10.00","$100.00",5
"NBA","NBA $5 50/50  (All Day)","2016-01-03 15:30:00",1,290.25,"$9.00","$0.00",20,"$5.00","$90.00",10
"NBA","NBA $10 50/50  (All Day)","2016-01-03 15:30:00",5,259.25,"$18.00","$0.00",20,"$10.00","$180.00",10
"NBA","NBA $10 50/50   (All Day)","2016-01-03 15:30:00",9,204.75,"$0.00","$0.00",10,"$10.00","$90.00",5
"NBA","NBA $5 50/50  (All Day)","2016-01-03 15:30:00",1,290.25,"$9.00","$0.00",20,"$5.00","$90.00",10
"NFL","NFL GIANT $50 Double Up [$8,000 Guaranteed]  (Afternoon)","2016-01-03 16:25:00",56,116.92,"$100.00","$0.00",181,"$50.00","$8,000.00",80
"NFL","NFL MASSIVE $10 Double Up [$110,000 Guaranteed]","2016-01-03 13:00:00",8650,136.86,"$0.00","$0.00",12500,"$10.00","$110,000.00",5500
"NBA","NBA $25K And-One [$25,000 Guaranteed]","2016-01-02 19:00:00",14902,231.5,"$0.00","$0.00",29411,"$1.00","$25,000.00",5860
"NBA","NBA $25 Double Up [$65,000 Gtd] (Multi-Entry) (2/2)","2016-01-02 19:00:00",1865,246,"$0.00","$0.00",2941,"$25.00","$65,000.00",1300
"NBA","NBA $25 Double Up [$65,000 Gtd] (Multi-Entry) (1/2)","2016-01-02 19:00:00",2341,231.5,"$0.00","$0.00",2941,"$25.00","$65,000.00",1300
"NBA","NBA $25K Sharpshooter [$25,000 Guaranteed]  (Turbo)","2016-01-02 20:00:00",333,289.25,"$10.00","$0.00",9583,"$3.00","$25,000.00",1920
"MMA","Beginner MMA $5 50/50 [Top 50% Win]","2016-01-02 18:30:00",6,352,"$9.00","$0.00",30,"$5.00","$135.00",15
"NBA","NBA GIANT $10 Double Up [$20,000 Guaranteed] (1/2)","2016-01-01 19:00:00",2231,199,"$0.00","$0.00",2272,"$10.00","$20,000.00",1000
"NBA","NBA GIANT $10 Double Up [$20,000 Guaranteed] (2/2)","2016-01-01 19:00:00",2231,199,"$0.00","$0.00",2272,"$10.00","$20,000.00",1000
"NBA","NBA $260K Sharpshooter [$260,000 Guaranteed]","2016-01-01 19:00:00",94078,199,"$0.00","$0.00",99666,"$3.00","$260,000.00",20805
"NBA","NBA $10 Head-to-Head  vs. petteytheft89","2016-01-01 19:00:00",2,199,"$0.00","$0.00",2,"$10.00","$18.00",1
"NBA","NBA $5 Double Up [$10,000 Gtd] (Multi-Entry)","2016-01-01 19:00:00",1915,223.5,"$0.00","$0.00",2272,"$5.00","$10,000.00",1000
"NBA","NBA $10 Head-to-Head  vs. Wmetz","2016-01-01 19:00:00",2,199,"$0.00","$0.00",2,"$10.00","$18.00",1
"NBA","NBA $50 Double Up [$6,000 Gtd] (Multi-Entry)","2016-01-01 19:00:00",117,223.5,"$0.00","$0.00",136,"$50.00","$6,000.00",60
"NBA","NBA $5 Double Up [$15,000 Gtd] (Multi-Entry)","2015-12-31 18:00:00",594,295.25,"$10.00","$0.00",3409,"$5.00","$15,000.00",1500
"NBA","NBA $25 Double Up [$14,000 Gtd] (Multi-Entry)","2015-12-31 18:00:00",100,297.5,"$50.00","$0.00",633,"$25.00","$14,000.00",280
"NBA","NBA $25 Double Up [$500 Guaranteed]","2015-12-31 18:00:00",6,295.25,"$50.00","$0.00",22,"$25.00","$500.00",10
"NBA","NBA GIANT $5 Double Up [$70,000 Guaranteed] (1/2)","2015-12-30 19:00:00",172,297.5,"$10.00","$0.00",15909,"$5.00","$70,000.00",7000
"NBA","NBA GIANT $5 Double Up [$70,000 Guaranteed] (2/2)","2015-12-30 19:00:00",172,297.5,"$10.00","$0.00",15909,"$5.00","$70,000.00",7000
"NBA","NBA $10 Double Up [$4,000 Gtd] (Multi-Entry)","2015-12-30 19:00:00",10,297.5,"$20.00","$0.00",454,"$10.00","$4,000.00",200
"NBA","NBA $25 Double Up [$10,000 Gtd] (Multi-Entry)","2015-12-30 19:00:00",9,297.5,"$50.00","$0.00",454,"$25.00","$10,000.00",200
"NBA","NBA GIANT $5 Double Up [$70,000 Guaranteed]","2015-12-29 19:30:00",1932,317,"$10.00","$0.00",15909,"$5.00","$70,000.00",7000
"NBA","NBA $5 Double Up [$7,000 Gtd] (Multi-Entry)","2015-12-29 19:30:00",43,331.5,"$10.00","$0.00",1590,"$5.00","$7,000.00",700
"NBA","NBA GIANT $25 Double Up [$75,000 Guaranteed]","2015-12-28 19:00:00",3366,188.5,"$0.00","$0.00",3409,"$25.00","$75,000.00",1500
"NFL","NFL MASSIVE $50 Double Up [$110,000 Guaranteed]","2015-12-27 13:00:00",1982,108.1,"$0.00","$0.00",2500,"$50.00","$110,000.00",1100
"NFL","NFL MASSIVE $10 Double Up [$110,000 Guaranteed]","2015-12-27 13:00:00",9135,115.6,"$0.00","$0.00",12500,"$10.00","$110,000.00",5500
"NFL","NFL GIANT $25 Double Up [$12,000 Guaranteed]","2015-12-27 13:00:00",398,108.1,"$0.00","$0.00",545,"$25.00","$12,000.00",240
"NBA","NBA MASSIVE $50 Double Up [$20,000 Guaranteed]","2015-12-26 19:00:00",136,262.5,"$100.00","$0.00",454,"$50.00","$20,000.00",200
"NBA","NBA GIANT $10 Double Up [$22,000 Guaranteed]","2015-12-26 19:00:00",820,262.5,"$20.00","$0.00",2500,"$10.00","$22,000.00",1100
"NBA","NBA $1 Double Up [$18,000 Gtd] (Multi-Entry)","2015-12-26 19:00:00",10811,251,"$0.00","$0.00",20454,"$1.00","$18,000.00",9000
"NBA","NBA GIANT $25 Double Up [$55,000 Guaranteed]","2015-12-26 19:00:00",780,262.5,"$50.00","$0.00",2500,"$25.00","$55,000.00",1100
"NBA","NBA GIANT $10 Double Up [$35,000 Guaranteed]","2015-12-23 19:00:00",3367,246.5,"$0.00","$0.00",3977,"$10.00","$35,000.00",1750
"NBA","NBA MASSIVE $5 Double Up [$60,000 Guaranteed]","2015-12-21 19:00:00",11015,255.25,"$0.00","$0.00",13636,"$5.00","$60,000.00",6000
"NBA","NBA $5 Double Up [$4,000 Gtd] (Multi-Entry)","2015-12-21 19:00:00",604,262.25,"$0.00","$0.00",909,"$5.00","$4,000.00",400
"NFL","NFL MASSIVE $25 Double Up [$800,000 Guaranteed]","2015-12-20 13:00:00",13585,166.26,"$50.00","$0.00",34775,"$25.00","$800,000.00",16000
"NBA","NBA GIANT $25 Double Up [$20,000 Guaranteed] (1/2)","2015-12-20 17:00:00",114,279.75,"$50.00","$0.00",909,"$25.00","$20,000.00",400
"NBA","NBA GIANT $25 Double Up [$20,000 Guaranteed] (2/2)","2015-12-20 17:00:00",114,279.75,"$50.00","$0.00",909,"$25.00","$20,000.00",400
"NBA","NBA $5 Double Up [$15,000 Gtd] (Multi-Entry)","2015-12-20 17:00:00",338,279.75,"$10.00","$0.00",3409,"$5.00","$15,000.00",1500
"NBA","NBA GIANT $5 Double Up [$45,000 Guaranteed]","2015-12-19 19:00:00",9566,219,"$0.00","$0.00",10227,"$5.00","$45,000.00",4500
"NBA","NBA GIANT $5 Double Up [$75,000 Guaranteed]","2015-12-18 19:00:00",6947,243.25,"$10.00","$0.00",17045,"$5.00","$75,000.00",7500
"NBA","NBA $1 Double Up [$14,000 Gtd] (Multi-Entry)","2015-12-17 19:00:00",10648,257,"$0.00","$0.00",15909,"$1.00","$14,000.00",7000
"NBA","Beginner NBA $1 Double Up [$30 Gtd]","2015-12-17 19:00:00",17,257,"$0.00","$0.00",34,"$1.00","$30.00",15
"NBA","Beginner NBA $1 Double Up [$30 Gtd]","2015-12-17 19:00:00",17,257,"$0.00","$0.00",34,"$1.00","$30.00",15
"NBA","Beginner NBA $1 Double Up [$30 Gtd]","2015-12-17 19:00:00",15,257,"$2.00","$0.00",34,"$1.00","$30.00",15
"NBA","NBA $5 Double Up [$55,000 Gtd] (Multi-Entry)","2015-12-17 19:00:00",8912,253.75,"$0.00","$0.00",12237,"$5.00","$55,000.00",5500
"NBA","Beginner NBA $1 Double Up [$30 Gtd]","2015-12-17 19:00:00",15,257,"$2.00","$0.00",34,"$1.00","$30.00",15
"NBA","NBA GIANT $1 Double Up [$22,000 Guaranteed]","2015-12-16 19:00:00",1883,266,"$2.00","$0.00",25000,"$1.00","$22,000.00",11000
"NBA","NBA $10 Double Up [$4K Gtd] (Multi-Entry)","2015-12-16 19:00:00",176,229.5,"$20.00","$0.00",454,"$10.00","$4,000.00",200
"NBA","NBA GIANT $5 Double Up [$70,000 Guaranteed]","2015-12-16 19:00:00",1289,266,"$10.00","$0.00",15909,"$5.00","$70,000.00",7000
"NBA","Beginner NBA $1 Double Up [$30 Gtd]","2015-12-16 19:00:00",2,266,"$2.00","$0.00",34,"$1.00","$30.00",15
"NBA","NBA $5 Double Up [$4,000 Gtd] (Multi-Entry)","2015-12-16 19:00:00",309,229.5,"$10.00","$0.00",909,"$5.00","$4,000.00",400
"NBA","NBA $25 Double Up [$6,000 Gtd] (Multi-Entry)","2015-12-16 19:00:00",76,229.5,"$50.00","$0.00",272,"$25.00","$6,000.00",120
"NBA","NBA $1 Double Up [$24,000 Gtd] (Multi-Entry)","2015-12-15 19:30:00",12289,248.25,"$0.00","$0.00",27272,"$1.00","$24,000.00",12000
"NBA","Beginner NBA $1 Double Up [$30 Gtd]","2015-12-15 19:30:00",10,244,"$2.00","$0.00",34,"$1.00","$30.00",15
"NBA","NBA $1 Double Up [$50 Guaranteed]","2015-12-14 19:00:00",29,258.5,"$0.00","$0.00",56,"$1.00","$50.00",25
"NFL","NFL GIANT $25 Double Up [$100,000 Guaranteed]  (Thu)","2015-12-10 20:25:00",734,163.78,"$50.00","$0.00",4525,"$25.00","$100,000.00",2000
"NFL","NFL GIANT $10 Double Up [$20,000 Guaranteed]  (Sunday Only)","2015-12-13 13:00:00",350,154.18,"$20.00","$0.00",2269,"$10.00","$20,000.00",1000
"NBA","NBA MASSIVE $5 Double Up [$50,000 Guaranteed]","2015-12-10 19:30:00",1556,250.75,"$10.00","$0.00",11350,"$5.00","$50,000.00",5000
"NBA","Beginner NBA $25 Double Up [$250 Gtd]","2015-12-10 19:30:00",11,194,"$0.00","$0.00",11,"$25.00","$250.00",5
"NBA","Beginner NBA $25 Double Up [$250 Gtd]","2015-12-09 19:00:00",4,269.25,"$50.00","$0.00",11,"$25.00","$250.00",5
"NBA","NBA $25 Double Up [$500 Guaranteed]","2015-12-09 19:00:00",12,269.25,"$0.00","$0.00",22,"$25.00","$500.00",10
"NBA","NBA $25 Double Up [$500 Guaranteed]","2015-12-08 19:00:00",9,265.5,"$50.00","$0.00",22,"$25.00","$500.00",10
"NFL","Beginner NFL GIANT $5 Double Up [$5,000 Gtd]","2015-12-06 13:00:00",182,193.74,"$10.00","$0.00",1135,"$5.00","$5,000.00",500
"NBA","Beginner NBA $5 Double Up [$10,000 Gtd] (Multi-Entry)","2015-12-07 19:00:00",1019,227.5,"$0.00","$0.00",2269,"$5.00","$10,000.00",1000
"NBA","NBA MASSIVE $5 Double Up [$60,000 Guaranteed]","2015-12-07 19:00:00",9974,212.75,"$0.00","$0.00",13620,"$5.00","$60,000.00",6000
"NBA","NBA $2 50/50  (All Day)","2015-12-06 15:30:00",15,200,"$0.00","$0.00",20,"$2.00","$36.00",10
"NBA","NBA $250 Layup [$250 Guaranteed] (All Day)","2015-12-06 15:30:00",101,215.25,"$0.00","$0.00",145,"$2.00","$250.00",30
"NBA","NBA $5 Double Up [$5,000 Gtd] (Multi-Entry)","2015-12-05 20:00:00",461,261.75,"$10.00","$0.00",1135,"$5.00","$5,000.00",500
"NFL","Beginner NFL $10 Double Up [$500 Gtd]","2015-10-18 13:00:00",50,122.24,"$0.00","$0.00",57,"$10.00","$500.00",25
"NFL","NFL MASSIVE $5 Double Up [$300,000 Guaranteed]","2015-09-20 13:00:00",19707,137.84,"$10.00","$0.00",68099,"$5.00","$300,000.00",30000
"NFL","NFL GIANT $20 50/50 [Top 50% Win, $100K Gtd] (1/2)","2014-12-07 13:00:00",4258,107.7,"$0.00","$0.00",5234,"$20.00","$100,008.00",2778
"NFL","NFL GIANT $20 50/50 [Top 50% Win, $100K Gtd] (2/2)","2014-12-07 13:00:00",4258,107.7,"$0.00","$0.00",5234,"$20.00","$100,008.00",2778
"NFL","NFL GIANT $50 50/50 [Top 50% Win, $100K Gtd] (1/2)","2014-11-30 13:00:00",1179,151.7,"$0.00","$0.00",2224,"$50.00","$100,080.00",1112
"NFL","NFL GIANT $50 50/50 [Top 50% Win, $100K Gtd] (2/2)","2014-11-30 13:00:00",1179,151.7,"$0.00","$0.00",2224,"$50.00","$100,080.00",1112
"NFL","Step 1 [$2 NFL 10-Player]","2014-11-30 13:00:00",5,151.7,"$0.00","$0.00",10,"$2.00","$18.00",4
"NFL","NFL $50 50/50 [Top 50% Win] (Mo-Th)","2014-11-24 20:30:00",2,184.08,"$90.00","$0.00",10,"$50.00","$450.00",5
"NBA","NBA Beginner 50/50 - Invite Only","2014-11-14 19:00:00",716,209.25,"$0.00","$0.00",1112,"$5.00","$5,129.00",556
"NBA","Beginner NBA $3 50/50 [Top 50% Win]","2014-11-12 19:00:00",32,210,"$0.00","$0.00",40,"$3.00","$108.00",20
"NBA","NBA GIANT $1 50/50 [Top 50% Win, $5K Gtd]","2014-11-12 19:00:00",5132,210,"$0.00","$0.00",5556,"$1.00","$5,000.40",2778
"NFL","NFL Micro Booster [Top 100 win $10] (Thurs)","2014-11-06 20:25:00",1938,152.7,"$0.00","$0.00",4700,"$0.25","$1,000.00",100
"NFL","Beginner NFL $20 50/50 [Top 50% Win] (Thurs)","2014-11-06 20:25:00",36,144.32,"$0.00","$0.00",60,"$20.00","$1,080.00",30
"NFL","Beginner NFL $20 50/50 [Top 50% Win] (Thurs)","2014-11-06 20:25:00",19,152.7,"$0.00","$0.00",30,"$20.00","$540.00",15
"NFL","World's Biggest $50 50/50 [Top 50% Win, $125K Gtd]","2014-11-09 13:00:00",2018,151.32,"$0.00","$0.00",2751,"$50.00","$125,010.00",1389
"NFL","NFL BIG 10x Booster [Top 250 Win $20] (Thurs)","2014-11-06 20:25:00",1245,152.7,"$0.00","$0.00",2860,"$2.00","$5,000.00",250
"NFL","NFL $100K Play-Action [$100,000 Guaranteed] (1/2)","2014-11-02 13:00:00",11719,168.36,"$0.00","$0.00",57500,"$2.00","$100,000.00",11500
"NFL","NFL $100K Play-Action [$100,000 Guaranteed] (2/2)","2014-11-02 13:00:00",11719,168.36,"$0.00","$0.00",57500,"$2.00","$100,000.00",11500
"NFL","World's Biggest $5 50/50 [Top 50% Win, $50K Gtd]","2014-11-02 13:00:00",9795,125.76,"$0.00","$0.00",11112,"$5.00","$50,004.00",5556
"NFL","World's Biggest $10 50/50 [Top 50% Win, $100K Gtd]","2014-11-02 13:00:00",8616,139.62,"$0.00","$0.00",11112,"$10.00","$100,008.00",5556
"NFL","World's Biggest $20 50/50 [Top 50% Win, $110K Gtd]","2014-11-02 13:00:00",1794,168.36,"$36.00","$0.00",6112,"$20.00","$110,016.00",3056
"NFL","NFL $100K Play-Action #2 [$100,000 Guaranteed]","2014-11-02 13:00:00",37906,139.62,"$0.00","$0.00",57500,"$2.00","$100,000.00",11500
